t_10Hz,t_video (secs),Temperature_0,Temperature_1,Temperature_2,Temperature_3,Temperature_4,Temperature_5,dT/dt,CHF Proximity,frame_index_round,frame_index_floor,frame_index_ceil,frame_delta_round
0.0,0.0,94.797361,94.618013,94.792426,94.626241,98.841696,98.880516,0.0012358172756989916,-0.027901122059469517,0,0,0,
0.1,0.49505484625067436,94.797361,94.618013,94.792426,94.626241,98.841696,98.880516,0.01651499999999828,-0.027901122059469517,15,14,15,15.0
0.2,0.9901096925013487,94.797361,94.618013,94.792426,94.626241,98.8530509900332,98.8984929335548,0.01651499999999828,-0.027901122059469517,30,29,30,15.0
0.3,1.4851645387520231,94.7949274418604,94.6017506511627,94.7833895780731,94.6174087541528,98.854308,98.900483,0.01882353488370825,-0.027917910728729557,45,44,45,15.0
0.4,1.9802193850026975,94.79251,94.585596,94.774413,94.608635,98.8334208013245,98.8867715364238,-0.01626599999998746,-0.02793458821474858,59,59,60,14.0
0.5,2.4752742312533718,94.79251,94.585596,94.774413,94.608635,98.828134,98.883301,-0.016265999999987457,-0.02793458821474858,74,74,75,15.0
0.6,2.9703290775040463,94.7924784385382,94.5856245681063,94.7744675215946,94.6086020631229,98.8339512093023,98.8999503023255,-0.016234438538191398,-0.027934805951458804,89,89,90,15.0
0.7,3.465383923754721,94.78301,94.594195,94.790824,94.598721,98.836472,98.907165,-0.014399328903706987,-0.028000126964521938,104,103,104,15.0
0.8,3.9604387700053953,94.78301,94.594195,94.790824,94.598721,98.8528763687707,98.8985396976744,-0.021882000000005064,-0.028000126964521938,119,118,119,15.0
0.9,4.45549361625607,94.78301,94.594195,94.790824,94.598721,98.864057,98.892661,-0.021882000000005068,-0.028000126964521938,134,133,134,15.0
1.0,4.950548462506744,94.7985968172757,94.5960750531561,94.7858494086378,94.6047560564784,98.8561273289036,98.8893839900332,-0.037695521594699244,-0.02789259638376449,149,148,149,15.0
1.1,5.445603308757419,94.813876,94.597918,94.780973,94.610672,98.848038,98.886041,-0.08686699999999803,-0.02778718811710023,163,163,164,14.0
1.2,5.9406581550080935,94.813876,94.597918,94.780973,94.610672,98.8398689501661,98.8897264418604,-0.08686699999999802,-0.02778718811710023,178,178,179,15.0
1.3,6.435713001258768,94.8137509767441,94.5978230033222,94.7809818837209,94.6106453488372,98.8272,98.895442,-0.08674197674410779,-0.027788050629509033,193,193,194,15.0
1.4,6.9307678475094425,94.776244,94.569324,94.783647,94.60265,98.8303729536423,98.8967098410596,-0.056601798013304006,-0.02804680435199215,208,207,208,15.0
1.5,7.425822693760117,94.776244,94.569324,94.783647,94.60265,98.838089,98.899793,-0.06377600000000427,-0.02804680435199215,223,222,223,15.0
1.6,7.920877540010792,94.776244,94.569324,94.783647,94.60265,98.8358292624584,98.896063192691,-0.06377600000000427,-0.02804680435199215,238,237,238,15.0
1.7,8.415932386261465,94.7686106710963,94.5699991627907,94.7639672923588,94.5921059468438,98.826156,98.880097,-0.05602623255809645,-0.02809946528177725,252,252,253,14.0
1.8,8.91098723251214,94.761128,94.570661,94.744676,94.58177,98.8264366445182,98.8802010863787,-0.031136000000003612,-0.028151086851105383,267,267,268,15.0
1.9,9.406042078762814,94.761128,94.570661,94.744676,94.58177,98.829405,98.881302,-0.031136000000003605,-0.028151086851105383,282,282,283,15.0
2.0,9.901096925013489,94.760901295681,94.5705818571428,94.7446406046511,94.5817236611295,98.829405,98.881302,-0.030909295680999094,-0.028152650842435466,297,297,298,15.0
2.1,10.396151771264163,94.727009,94.55875,94.739349,94.574796,98.8345280033222,98.8686839401993,0.01560117940189798,-0.02838646754621277,312,311,312,15.0
2.2,10.891206617514838,94.727009,94.55875,94.739349,94.574796,98.834597,98.868514,0.027807000000009907,-0.02838646754621277,327,326,327,15.0
2.3,11.386261463765512,94.727009,94.55875,94.739349,94.574796,98.8327182093023,98.8864968372093,0.027807000000009907,-0.02838646754621277,342,341,342,15.0
2.4,11.881316310016187,94.7196422019867,94.5597191688741,94.7344828907284,94.575973897351,98.832471,98.888863,0.034859384105999425,-0.028437289728489062,356,356,357,14.0
2.5,12.376371156266861,94.712468,94.560663,94.729744,94.577121,98.849759372093,98.9000624152824,0.010696999999993295,-0.02848678322626069,371,371,372,15.0
2.6,12.871426002517536,94.712468,94.560663,94.729744,94.577121,98.854521,98.903147,0.010696999999993295,-0.02848678322626069,386,386,387,15.0
2.7,13.36648084876821,94.7125844385382,94.560590833887,94.7298631694352,94.5771445149501,98.8408949700996,98.8878523654485,0.010580561461793536,-0.028485979938237628,401,400,401,15.0
2.8,13.861535695018885,94.729992,94.549802,94.747679,94.58066,98.834514,98.88069,0.002874013289002164,-0.02836588837878391,416,415,416,15.0
2.9,14.35659054126956,94.729992,94.549802,94.747679,94.58066,98.8398190496688,98.8900200496688,0.012258000000002767,-0.02836588837878391,431,430,431,15.0
3.0,14.851645387520234,94.729992,94.549802,94.747679,94.58066,98.843669,98.896791,0.012258000000002767,-0.02836588837878391,446,445,446,15.0
3.1,15.346700233770909,94.7426101794019,94.5536397076412,94.7563242624584,94.5855432923587,98.8414018372093,98.8915916910299,-0.0002300132889985208,-0.028278837883792613,460,460,461,14.0
3.2,15.841755080021583,94.754816,94.557352,94.764687,94.590267,98.83893,98.885923,0.0004939999999891143,-0.028194632176217968,475,475,476,15.0
3.3,16.336809926272256,94.754816,94.557352,94.764687,94.590267,98.8409155714285,98.8882152857143,0.0004939999999891143,-0.028194632176217968,490,490,491,15.0
3.4,16.83186477252293,94.7545015860927,94.5573358675496,94.7645196953642,94.590197731788,98.844219,98.892029,0.0008084139072934701,-0.02819680125983861,505,504,505,15.0
3.5,17.326919618773605,94.723165,94.555728,94.747845,94.583294,98.8406706810631,98.8942275348837,0.03548030232551014,-0.02841298659401584,520,519,520,15.0
3.6,17.82197446502428,94.723165,94.555728,94.747845,94.583294,98.831351,98.900002,0.03866400000001137,-0.02841298659401584,535,534,535,15.0
3.7,18.317029311274954,94.723165,94.555728,94.747845,94.583294,98.829780116279,98.9004076345515,0.038664000000011356,-0.02841298659401584,550,549,550,15.0
3.8,18.81208415752563,94.732866013289,94.5528835215946,94.7437465315614,94.5806589435215,98.822258,98.90235,0.029053172141402683,-0.028346061090595127,564,564,565,14.0
3.9,19.307139003776303,94.74225,94.550132,94.739782,94.57811,98.8231345761589,98.9039111258278,0.02638799999999718,-0.02828132269512886,579,579,580,15.0
4.0,19.802193850026978,94.74225,94.550132,94.739782,94.57811,98.834291,98.92378,0.02638799999999719,-0.02828132269512886,594,594,595,15.0
4.1,20.297248696277652,94.7423801661129,94.5500161561461,94.7399367641196,94.5780351694352,98.834291,98.92378,0.0262578338871009,-0.028280424703097058,609,608,609,15.0
4.2,20.792303542528327,94.75531,94.538509,94.75531,94.570602,98.8334014186046,98.8943500863787,0.01644227906970741,-0.028191224161229822,624,623,624,15.0
4.3,21.287358388779,94.75531,94.538509,94.75531,94.570602,98.833374,98.893443,0.019415000000009286,-0.028191224161229822,639,638,639,15.0
4.4,21.782413235029676,94.75531,94.538509,94.75531,94.570602,98.840643847176,98.8975113986711,0.019415000000009286,-0.028191224161229822,653,653,654,14.0
4.5,22.27746808128035,94.7586453023255,94.553633744186,94.7634858139534,94.5730961860465,98.841726,98.898117,0.015692707641193238,-0.028168214524963466,668,668,669,15.0
4.6,22.772522927531025,94.761829,94.568071,94.77129,94.575477,98.836913372093,98.9064752093023,-0.016225000000005707,-0.028146250781253632,683,683,684,15.0
4.7,23.2675777737817,94.761829,94.568071,94.77129,94.575477,98.835455,98.909008,-0.016225000000005707,-0.028146250781253632,698,698,699,15.0
4.8,23.762632620032374,94.7619191854304,94.5681121655629,94.7713474834437,94.5755181655629,98.8322736092715,98.8965806092715,-0.016315185430400447,-0.028145628608584595,713,712,713,15.0
4.9,24.25768746628305,94.768638,94.571179,94.77563,94.578585,98.830675,98.890336,-0.03404826910299619,-0.02809927674470556,728,727,728,15.0
5.0,24.752742312533723,94.768638,94.571179,94.77563,94.578585,98.824778654485,98.9093641395348,-0.04442299999999477,-0.02809927674470556,743,742,743,15.0
5.1,25.247797158784397,94.768638,94.571179,94.77563,94.578585,98.820235,98.924027,-0.04442299999999477,-0.02809927674470556,757,757,758,14.0
5.2,25.742852005035072,94.7717522790697,94.5677684883721,94.7757983255814,94.5732799302325,98.8207443588039,98.9186863521594,-0.047575817275699706,-0.028077791907160917,772,772,773,15.0
5.3,26.237906851285747,94.774725,94.564513,94.775959,94.568216,98.821338,98.912462,-0.05340999999999951,-0.02805728365314015,787,787,788,15.0
5.4,26.73296169753642,94.774725,94.564513,94.775959,94.568216,98.8282495415282,98.9079796013289,-0.05340999999999951,-0.02805728365314015,802,801,802,15.0
5.5,27.228016543787096,94.7743380099667,94.5642571196013,94.7755501495016,94.5683920664452,98.840424,98.900084,-0.053023009966693735,-0.028059953426083056,817,816,817,15.0
5.6,27.72307139003777,94.745604,94.545258,94.745193,94.581465,98.8398785182724,98.9034563986711,-0.02698939867110539,-0.02825818406705094,832,831,832,15.0
5.7,28.218126236288445,94.745604,94.545258,94.745193,94.581465,98.838319,98.913098,-0.029533000000000698,-0.02825818406705094,847,846,847,15.0
5.8,28.71318108253912,94.745604,94.545258,94.745193,94.581465,98.839286629139,98.9119223178808,-0.029533000000000698,-0.02825818406705094,861,861,862,14.0
5.9,29.208235928789794,94.734589730897,94.5537330498338,94.7441337475083,94.5696000332225,98.844407,98.905701,-0.018562102990102858,-0.02833416948038556,876,876,877,15.0
6.0,29.703290775040468,94.724215,94.561716,94.743136,94.558424,98.8441543156146,98.9064868405315,-0.010755000000003179,-0.02840574283746189,891,891,892,15.0
6.1,30.198345621291143,94.724215,94.561716,94.743136,94.558424,98.839933,98.919615,-0.010755000000003179,-0.02840574283746189,906,905,906,15.0
6.2,30.693400467541817,94.724176461794,94.5614587375415,94.7430373421927,94.5582214219269,98.839933,98.919615,-0.010716461794004317,-0.028406008705445015,921,920,921,15.0
6.3,31.188455313792492,94.721315,94.542357,94.735712,94.54318,98.8293885761589,98.9106297814569,3.7980132390202925e-05,-0.028425749403182182,936,935,936,15.0
6.4,31.683510160043166,94.721315,94.542357,94.735712,94.54318,98.828876,98.910193,0.0074249999999977945,-0.028425749403182182,951,950,951,15.0
6.5,32.17856500629384,94.721315,94.542357,94.735712,94.54318,98.8189674119601,98.9149393887043,0.0074249999999977945,-0.028425749403182182,965,965,966,14.0
6.6,32.67361985254451,94.7186146013289,94.5282138936877,94.7289872657807,94.5451404152824,98.817271,98.915752,0.009946744186009937,-0.028444378956107904,980,980,981,15.0
6.7,33.168674698795186,94.716071,94.514892,94.722653,94.546987,98.8457162159468,98.8994011627907,0.0019139999999993051,-0.028461926793057153,995,995,996,15.0
6.8,33.66372954504586,94.716071,94.514892,94.722653,94.546987,98.855156,98.893975,0.0019139999999993051,-0.028461926793057153,1010,1009,1010,15.0
6.9,34.158784391296535,94.7160276279069,94.5152382126245,94.7228350930232,94.5468684119601,98.837220372093,98.9082354651162,0.0019573720931020944,-0.028462226009136837,1025,1024,1025,15.0
7.0,34.65383923754721,94.71346,94.535734,94.733615,94.539848,98.827612,98.915875,0.0009328538206005987,-0.02847993960102121,1040,1039,1040,15.0
7.1,35.148894083797884,94.71346,94.535734,94.733615,94.539848,98.8262788438538,98.9237259302325,-0.002405999999993469,-0.02847993960102121,1054,1054,1055,14.0
7.2,35.64394893004856,94.71346,94.535734,94.733615,94.539848,98.82518,98.930197,-0.002405999999993471,-0.02847993960102121,1069,1069,1070,15.0
7.3,36.13900377629923,94.7213529801324,94.5376783178808,94.72132302649,94.5490189403973,98.8345410430463,98.9284151788079,-0.010570708609293425,-0.028425487385246067,1084,1084,1085,15.0
7.4,36.63405862254991,94.72874,94.539498,94.709819,94.557602,98.846121,98.926211,-0.03136299999999892,-0.02837452569612243,1099,1099,1100,15.0
7.5,37.12911346880058,94.72874,94.539498,94.709819,94.557602,98.8399165880398,98.9204308803986,-0.03136299999999892,-0.02837452569612243,1114,1113,1114,15.0
7.6,37.62416831505126,94.7285613455149,94.5393671196013,94.7099273056478,94.5574506212624,98.828164,98.909482,-0.03118434551490168,-0.028375758200500818,1129,1128,1129,15.0
7.7,38.11922316130193,94.717985,94.531619,94.716339,94.548489,98.8281191328903,98.9123108106312,-0.031065655629191752,-0.02844872245968175,1144,1143,1144,15.0
7.8,38.614278007552606,94.717985,94.531619,94.716339,94.548489,98.827979,98.921146,-0.04072399999999728,-0.02844872245968175,1158,1158,1159,14.0
7.9,39.10933285380328,94.717985,94.531619,94.716339,94.548489,98.8285161428571,98.9179472857142,-0.04072399999999732,-0.02844872245968175,1173,1173,1174,15.0
8.0,39.604387700053955,94.7143928538206,94.5286658837209,94.710189179402,94.5406314717607,98.831739,98.898755,-0.036963355481802296,-0.02847350401437663,1188,1188,1189,15.0
8.1,40.09944254630463,94.711054,94.525921,94.704473,94.533328,98.8322196777408,98.8984699900332,-0.025339999999999918,-0.02849653815175326,1203,1202,1203,15.0
8.2,40.594497392555304,94.711054,94.525921,94.704473,94.533328,98.843796,98.891606,-0.025339999999999918,-0.02849653815175326,1218,1217,1218,15.0
8.3,41.08955223880598,94.7107822715231,94.5258780860927,94.7043483509933,94.5331951456953,98.843796,98.891606,-0.02506827152309654,-0.02849841275645369,1233,1232,1233,15.0
8.4,41.58460708505665,94.697377,94.523761,94.698199,94.526641,98.8353050598006,98.8957936478405,-0.014913578073105782,-0.028590893254979724,1248,1247,1248,15.0
8.5,42.07966193130733,94.697377,94.523761,94.698199,94.526641,98.834765,98.89606,-0.017895000000009986,-0.028590893254979724,1262,1262,1263,14.0
8.6,42.574716777558,94.697377,94.523761,94.698199,94.526641,98.8150905813953,98.9092284651162,-0.017895000000009986,-0.028590893254979724,1277,1277,1278,15.0
8.7,43.06977162380868,94.6869193443708,94.5158673311258,94.6926603311258,94.5211007715231,98.811265,98.911789,-0.007817778145707166,-0.0286630386945059,1292,1292,1293,15.0
8.8,43.56482647005935,94.677261,94.508577,94.687545,94.515984,98.826623564784,98.8942974651162,-0.01419200000000842,-0.02872966983292105,1307,1306,1307,15.0
8.9,44.059881316310026,94.677261,94.508577,94.687545,94.515984,98.832089,98.888073,-0.01419200000000842,-0.02872966983292105,1322,1321,1322,15.0
9.0,44.5549361625607,94.6774294983388,94.5084994983388,94.687319910299,94.5161525382059,98.8355891860465,98.9006472724252,-0.01436049833880304,-0.028728507393924893,1337,1336,1337,15.0
9.1,45.049991008811375,94.685714,94.504689,94.676253,94.524439,98.837605,98.907889,-0.01385769435221107,-0.0286713541432542,1351,1351,1352,14.0
9.2,45.54504585506205,94.685714,94.504689,94.676253,94.524439,98.8328997483443,98.9016595794701,-0.005797999999998638,-0.0286713541432542,1366,1366,1367,15.0
9.3,46.040100701312724,94.685714,94.504689,94.676253,94.524439,98.828779,98.896204,-0.005797999999998638,-0.0286713541432542,1381,1381,1382,15.0
9.4,46.5351555475634,94.6824634219269,94.495427564784,94.6802974451827,94.520543730897,98.8296704285714,98.8932127043189,-0.002208305647897646,-0.028693779282512346,1396,1396,1397,15.0
9.5,47.03021039381407,94.679482,94.486933,94.684007,94.516971,98.830843,98.889278,0.015016000000002805,-0.028714347563105654,1411,1410,1411,15.0
9.6,47.52526524006475,94.679482,94.486933,94.684007,94.516971,98.8325710598006,98.8908715382059,0.015016000000002805,-0.028714347563105654,1426,1425,1426,15.0
9.7,48.02032008631542,94.6791015662251,94.4868862715231,94.6839412417218,94.5171150331125,98.836097,98.894123,0.015396433774895968,-0.02871697210562966,1441,1440,1441,15.0
9.8,48.5153749325661,94.663069,94.484917,94.68117,94.523185,98.8379469335548,98.8945677176079,0.04158771760791069,-0.02882757782626686,1455,1455,1456,14.0
9.9,49.01042977881677,94.663069,94.484917,94.68117,94.523185,98.844167,98.896063,0.05078200000001232,-0.02882757782626686,1470,1470,1471,15.0
10.0,49.505484625067446,94.663069,94.484917,94.68117,94.523185,98.8434884285714,98.8953845548172,0.05078200000001232,-0.02882757782626686,1485,1485,1486,15.0
10.1,50.00053947131812,94.6718563056478,94.5010040232558,94.6760098637873,94.517808923588,98.838792,98.890689,0.042392182724199756,-0.02876695582352645,1500,1500,1501,15.0
10.2,50.495594317568795,94.679916,94.515759,94.671277,94.512878,98.8388406887417,98.8907809735099,0.05102699999999061,-0.028711353477063287,1515,1514,1515,15.0
10.3,50.99064916381947,94.679916,94.515759,94.671277,94.512878,98.84063,98.894161,0.05102699999999061,-0.028711353477063287,1530,1529,1530,15.0
10.4,51.485704010070144,94.680255116279,94.5148637674418,94.6720179069767,94.5126909302325,98.84063,98.894161,0.05068788372099675,-0.028709013976331382,1545,1544,1545,15.0
10.5,51.98075885632082,94.694498,94.477264,94.703136,94.504834,98.829534936877,98.886840641196,0.027538734219206162,-0.028610754945569007,1559,1559,1560,14.0
10.6,52.47581370257149,94.694498,94.477264,94.703136,94.504834,98.828617,98.886235,0.019478000000006546,-0.028610754945569007,1574,1574,1575,15.0
10.7,52.97086854882217,94.694498,94.477264,94.703136,94.504834,98.8308818476821,98.8972241920529,0.019478000000006546,-0.028610754945569007,1589,1589,1590,15.0
10.8,53.46592339507284,94.7046567176079,94.4902341727574,94.6996920199335,94.519099667774,98.831375,98.899617,0.009723242524898978,-0.02854067182437704,1604,1603,1604,15.0
10.9,53.96097824132352,94.713851,94.501973,94.696575,94.532011,98.8472859302325,98.8975573023255,0.015323999999992566,-0.0284772421640568,1619,1618,1619,15.0
11.0,54.45603308757419,94.713851,94.501973,94.696575,94.532011,98.853445,98.89676,0.015323999999992566,-0.0284772421640568,1634,1633,1634,15.0
11.1,54.951087933824866,94.714248488372,94.5020356976744,94.6969342093023,94.5319588604651,98.8454136312292,98.8985761262458,0.014926511628004846,-0.02847449996500948,1649,1648,1649,15.0
11.2,55.44614278007554,94.730943,94.504669,94.712021,94.529769,98.840448,98.899699,-0.018574089403998073,-0.028359327604990797,1663,1663,1664,14.0
11.3,55.941197626326215,94.730943,94.504669,94.712021,94.529769,98.8334067508305,98.8879995182724,-0.03368899999999542,-0.028359327604990797,1678,1678,1679,15.0
11.4,56.43625247257689,94.730943,94.504669,94.712021,94.529769,98.826862,98.877125,-0.03368899999999542,-0.028359327604990797,1693,1693,1694,15.0
11.5,56.931307318827564,94.7220367342192,94.5059114784053,94.7057062491694,94.5299317242524,98.8308254551495,98.8856694352159,-0.024366202657802205,-0.028420770291772188,1708,1707,1708,15.0
11.6,57.42636216507824,94.713976,94.507036,94.699991,94.530079,98.836406,98.8977,-0.0010500000000064347,-0.028476379812086117,1723,1722,1723,15.0
11.7,57.92141701132891,94.713976,94.507036,94.699991,94.530079,98.8366692947019,98.8947502814569,-0.0010500000000064347,-0.028476379812086117,1738,1737,1738,15.0
11.8,58.41647185757959,94.7143799601328,94.5071010631229,94.7005261229235,94.5295316245847,98.837243,98.888323,-0.001453960132806742,-0.028473592965553268,1752,1752,1753,14.0
11.9,58.91152670383026,94.729175,94.509484,94.720125,94.509484,98.8375336578073,98.8872235182724,-0.015260664451901107,-0.02837152471126441,1767,1767,1768,15.0
12.0,59.406581550080936,94.729175,94.509484,94.720125,94.509484,98.83861,98.883152,-0.014377999999993563,-0.02837152471126441,1782,1782,1783,15.0
12.1,59.90163639633161,94.729175,94.509484,94.720125,94.509484,98.8383883189368,98.8842742192691,-0.014377999999993563,-0.02837152471126441,1797,1797,1798,15.0
12.2,60.396691242582285,94.712368910596,94.5015545331125,94.7074339569536,94.5186691456953,98.836588,98.893388,0.0022810993707054195,-0.02848746682580323,1812,1811,1812,15.0
12.3,60.89174608883296,94.697254,94.494423,94.69602,94.52693,98.8363697275747,98.8934914850498,0.012626999999994837,-0.02859174180931891,1827,1826,1827,15.0
12.4,61.386800935083635,94.697254,94.494423,94.69602,94.52693,98.814688,98.903771,0.012626999999994837,-0.02859174180931891,1842,1841,1842,15.0
12.5,61.88185578133431,94.6976705315614,94.4950365282392,94.696524,94.5266795548172,98.814688,98.903771,0.012210468438595967,-0.02858886823481625,1856,1856,1857,14.0
12.6,62.376910627584984,94.712926,94.517507,94.714983,94.517507,98.8386757019867,98.908107821192,-0.0067710927152973,-0.02848362356864007,1871,1871,1872,15.0
12.7,62.87196547383566,94.712926,94.517507,94.714983,94.517507,98.841127,98.908551,-0.010077999999992926,-0.02848362356864007,1886,1886,1887,15.0
12.8,63.36702032008633,94.712926,94.517507,94.714983,94.517507,98.8348420996677,98.9016065282392,-0.010077999999992926,-0.02848362356864007,1901,1901,1902,15.0
12.9,63.86207516633701,94.7139143355481,94.5069754950166,94.7164055481727,94.5208861461794,98.833342,98.899949,-0.010938451827200879,-0.0284768052237791,1916,1915,1916,15.0
13.0,64.35713001258767,94.714797,94.49757,94.717676,94.523904,98.8379475415282,98.9034029800664,-0.007671999999999457,-0.028470715884342523,1931,1930,1931,15.0
13.1,64.85218485883834,94.714797,94.49757,94.717676,94.523904,98.839881,98.904853,-0.007671999999999457,-0.028470715884342523,1946,1945,1946,15.0
13.2,65.34723970508901,94.7146500099667,94.4979889335548,94.7177258139534,94.5240399568106,98.8351737906976,98.8942165813953,-0.0075250099666988035,-0.02847172994150165,1960,1960,1961,14.0
13.3,65.84229455133968,94.709881,94.511581,94.719342,94.528451,98.832096,98.887262,0.003333568106299367,-0.028504630462646396,1975,1975,1976,15.0
13.4,66.33734939759034,94.709881,94.511581,94.719342,94.528451,98.8289882093023,98.8968632923588,0.008700000000004593,-0.028504630462646396,1990,1990,1991,15.0
13.5,66.83240424384101,94.709881,94.511581,94.719342,94.528451,98.825901,98.906401,0.008700000000004593,-0.028504630462646396,2005,2004,2005,15.0
13.6,67.32745909009168,94.7061549072847,94.5157012649006,94.7164874304635,94.528429807947,98.8288823278145,98.8980860562913,0.012577284768198638,-0.02853033608981487,2020,2019,2020,15.0
13.7,67.82251393634235,94.702848,94.519358,94.713954,94.528411,98.833342,98.885648,0.020298999999994294,-0.028553149833925987,2035,2034,2035,15.0
13.8,68.31756878259301,94.702848,94.519358,94.713954,94.528411,98.8289986777408,98.8923008239202,0.020298999999994294,-0.028553149833925987,2050,2049,2050,15.0
13.9,68.81262362884368,94.7029758837209,94.5182678637873,94.7139465847176,94.5286742425249,98.818816,98.907898,0.020171116279101398,-0.028552267587696127,2064,2064,2065,14.0
14.0,69.30767847509435,94.707125,94.482899,94.713706,94.537215,98.8214265049833,98.9065035614617,0.017322199335495725,-0.028523643598896396,2079,2079,2080,15.0
14.1,69.80273332134502,94.707125,94.482899,94.713706,94.537215,98.832134,98.900784,0.018467999999998597,-0.028523643598896396,2094,2094,2095,15.0
14.2,70.29778816759568,94.707125,94.482899,94.713706,94.537215,98.833342847176,98.899433910299,0.018467999999998597,-0.028523643598896396,2109,2108,2109,15.0
14.3,70.79284301384635,94.7132145681063,94.4916155448504,94.7147664651162,94.5183716777408,98.844681,98.886771,0.012318299003311495,-0.028481632790438874,2124,2123,2124,15.0
14.4,71.28789786009702,94.718581,94.499297,94.715701,94.501766,98.844681,98.886771,0.005201999999997042,-0.028444610765485427,2139,2138,2139,15.0
14.5,71.78295270634769,94.718581,94.499297,94.715701,94.501766,98.8184385348837,98.8962495980066,0.005201999999997042,-0.028444610765485427,2153,2153,2154,14.0
14.6,72.27800755259835,94.7187321920529,94.499107629139,94.7152392781456,94.5025712649006,98.818263,98.896313,0.005050807947100111,-0.028443567719367263,2168,2168,2169,15.0
14.7,72.77306239884902,94.723147,94.493578,94.701757,94.526085,98.8397365282392,98.9068290232558,0.0033633720930055233,-0.028413110772699604,2183,2183,2184,15.0
14.8,73.26811724509969,94.723147,94.493578,94.701757,94.526085,98.842291,98.90808,0.005735000000001378,-0.028413110772699604,2198,2198,2199,15.0
14.9,73.76317209135036,94.723147,94.493578,94.701757,94.526085,98.8430816976744,98.914039488372,0.005735000000001378,-0.028413110772699604,2213,2212,2213,15.0
15.0,74.25822693760102,94.7244471993355,94.4924728837209,94.7058999900332,94.527385730897,98.843291,98.915617,0.003569750830592966,-0.02840414093702538,2228,2227,2228,15.0
15.1,74.75328178385169,94.725593,94.491499,94.709551,94.528532,98.8393224701986,98.9099603642384,-0.02274900000000453,-0.028396236269336843,2243,2242,2243,15.0
15.2,75.24833663010236,94.725593,94.491499,94.709551,94.528532,98.837529,98.907404,-0.02274900000000457,-0.028396236269336843,2257,2257,2258,14.0
15.3,75.74339147635303,94.7255328671096,94.4920540166112,94.7090398704319,94.5283078139534,98.8368927408637,98.9120542192691,-0.022688867109607713,-0.028396651115069144,2272,2272,2273,15.0
15.4,76.23844632260369,94.723783,94.508205,94.694166,94.521784,98.836447,98.915312,-0.01535000000009748,-0.028408723125872667,2287,2287,2288,15.0
15.5,76.73350116885436,94.723783,94.508205,94.694166,94.521784,98.8343161760797,98.9139742325581,-0.01049000000000433,-0.028408723125872667,2302,2302,2303,15.0
15.6,77.22855601510503,94.723783,94.508205,94.694166,94.521784,98.832054,98.912554,-0.01049000000000431,-0.028408723125872667,2317,2316,2317,15.0
15.7,77.7236108613557,94.726510372093,94.497067116279,94.6880923953488,94.5157087906976,98.8325411229235,98.9113088305647,-0.013260970099707947,-0.028389907488278715,2332,2331,2332,15.0
15.8,78.21866570760636,94.728882,94.487382,94.682811,94.510426,98.833318,98.909323,-0.01678199999999208,-0.028373546064283734,2347,2346,2347,15.0
15.9,78.71372055385703,94.728882,94.487382,94.682811,94.510426,98.8342295614618,98.9098883488372,-0.016781999999992112,-0.028373546064283734,2361,2361,2362,14.0
16.0,79.2087754001077,94.7280169501661,94.4879794086378,94.6833262159468,94.5111873953488,98.836546,98.911325,-0.015916950166086963,-0.02837951388371593,2376,2376,2377,15.0
16.1,79.70383024635836,94.702844,94.505364,94.698319,94.533344,98.8387186821192,98.9133487086092,0.02123269767440661,-0.02855317742918908,2391,2391,2392,15.0
16.2,80.19888509260903,94.702844,94.505364,94.698319,94.533344,98.848476,98.922437,0.03150899999999979,-0.02855317742918908,2406,2405,2406,15.0
16.3,80.6939399388597,94.702844,94.505364,94.698319,94.533344,98.8483686777408,98.9219061295681,0.03150899999999979,-0.02855317742918908,2421,2420,2421,15.0
16.4,81.18899478511037,94.7084329999999,94.4995096976744,94.6951070232558,94.5215476744186,98.84713,98.915779,0.024595614617993533,-0.028514619947875682,2436,2435,2436,15.0
16.5,81.68404963136103,94.713293,94.494419,94.692314,94.51129,98.84713,98.915779,-0.015179999999986649,-0.028481091703254104,2451,2450,2451,15.0
16.6,82.1791044776117,94.713293,94.494419,94.692314,94.51129,98.8329201821192,98.9119479072847,-0.015179999999986649,-0.028481091703254104,2465,2465,2466,14.0
16.7,82.67415932386237,94.7132494019933,94.4948415681063,94.693217461794,94.5109606943521,98.832583,98.911857,-0.015136401993288473,-0.02848139247787006,2480,2480,2481,15.0
16.8,83.16921417011304,94.7121,94.505982,94.717036,94.502279,98.8326014186046,98.9158178770764,0.0033362358803969983,-0.0284893219904624,2495,2495,2496,15.0
16.9,83.6642690163637,94.7121,94.505982,94.717036,94.502279,98.832604,98.916373,0.01819999999999311,-0.0284893219904624,2510,2509,2510,15.0
17.0,84.15932386261437,94.7121,94.505982,94.717036,94.502279,98.8363077086092,98.90361302649,0.01819999999999311,-0.0284893219904624,2525,2524,2525,15.0
17.1,84.65437870886504,94.7240766976744,94.5035681461794,94.7082024252491,94.5056228737541,98.837384,98.899905,0.005685455149489371,-0.02840669695972613,2540,2539,2540,15.0
17.2,85.1494335551157,94.734353,94.501497,94.700623,94.508492,98.8363494418604,98.9118219767441,-0.017544000000000892,-0.028335802643229997,2554,2554,2555,14.0
17.3,85.64448840136637,94.734353,94.501497,94.700623,94.508492,98.83585,98.917575,-0.017544000000000892,-0.028335802643229997,2569,2569,2570,15.0
17.4,86.13954324761704,94.7330286146179,94.5011044717608,94.7009822724252,94.5083701594684,98.8375882857142,98.9111412857143,-0.016219614617895672,-0.02834493933398383,2584,2584,2585,15.0
17.5,86.63459809386771,94.698113,94.490756,94.710454,94.505158,98.838892,98.906316,0.015099205298000129,-0.0285858157265762,2599,2599,2600,15.0
17.6,87.12965294011838,94.698113,94.490756,94.710454,94.505158,98.8371195946844,98.9085917740863,0.012031999999990717,-0.0285858157265762,2614,2613,2614,15.0
17.7,87.62470778636904,94.698113,94.490756,94.710454,94.505158,98.835135,98.91114,0.012031999999990717,-0.0285858157265762,2629,2628,2629,15.0
17.8,88.11976263261971,94.7154362358804,94.499448026578,94.7118371893687,94.5156218006644,98.8315778372093,98.9122544252491,-0.005462624584808395,-0.028466305913772874,2644,2643,2644,15.0
17.9,88.61481747887038,94.7303,94.506906,94.713024,94.5246,98.825489,98.914162,-0.02445400000000575,-0.02836376354352807,2658,2658,2659,14.0
18.0,89.10987232512105,94.7303,94.506906,94.713024,94.5246,98.8292699834437,98.9091751357615,-0.02445400000000575,-0.02836376354352807,2673,2673,2674,15.0
18.1,89.60492717137171,94.7297621528239,94.5063187176079,94.7130273089701,94.5249313754152,98.839586,98.895569,-0.023916152823900916,-0.02836747405210608,2688,2688,2689,15.0
18.2,90.09998201762238,94.716809,94.492175,94.713107,94.532912,98.8380080930232,98.8976565415282,-0.023148468438591863,-0.028456835467022133,2703,2702,2703,15.0
18.3,90.59503686387305,94.716809,94.492175,94.713107,94.532912,98.830087,98.908136,-0.03346499999999253,-0.028456835467022133,2718,2717,2718,15.0
18.4,91.09009171012372,94.716809,94.492175,94.713107,94.532912,98.8294226312292,98.9077811860465,-0.03346499999999253,-0.028456835467022133,2733,2732,2733,15.0
18.5,91.58514655637438,94.713212205298,94.4890213278145,94.7037371986755,94.5248721059602,98.819562,98.902515,-0.029649529801304197,-0.028481649091017948,2748,2747,2748,15.0
18.6,92.08020140262505,94.710145,94.486332,94.695747,94.518016,98.819562,98.902515,-0.021720999999999435,-0.028502809175284263,2762,2762,2763,14.0
18.7,92.57525624887572,94.710145,94.486332,94.695747,94.518016,98.8248783455149,98.8806667275747,-0.021720999999999435,-0.028502809175284263,2777,2777,2778,15.0
18.8,93.07031109512639,94.7099736112956,94.4860129036544,94.6956740431893,94.5183366910299,98.82508,98.879838,-0.021549611295597515,-0.02850399155438024,2792,2792,2793,15.0
18.9,93.56536594137705,94.705846,94.478328,94.693917,94.52606,98.8332010697674,98.9041315116279,-0.012699332225992066,-0.028532467184260706,2807,2806,2807,15.0
19.0,94.06042078762772,94.705846,94.478328,94.693917,94.52606,98.834518,98.908071,-0.008700999999987857,-0.028532467184260706,2822,2821,2822,15.0
19.1,94.55547563387839,94.705846,94.478328,94.693917,94.52606,98.825733833887,98.9111012558139,-0.008700999999987857,-0.028532467184260706,2837,2836,2837,15.0
19.2,95.05053048012905,94.6936605315614,94.4808461063123,94.6897510232558,94.5178823820598,98.822972,98.912054,0.004420727574796501,-0.028616532486036364,2852,2851,2852,15.0
19.3,95.54558532637972,94.683344,94.482978,94.686224,94.510959,98.8324345581395,98.9029696810631,0.03547899999999515,-0.028687704336618724,2866,2866,2867,14.0
19.4,96.04064017263039,94.683344,94.482978,94.686224,94.510959,98.837357,98.898244,0.03547899999999515,-0.028687704336618724,2881,2881,2882,15.0
19.5,96.53569501888106,94.6835626754967,94.4824704834437,94.6862832748344,94.511177718543,98.8259007350993,98.8997448741721,0.03526032450329808,-0.028686195734654557,2896,2896,2897,15.0
19.6,97.03074986513172,94.688424,94.471188,94.687601,94.51604,98.816763,98.900942,0.04150359800659942,-0.028652658352529402,2911,2910,2911,15.0
19.7,97.52580471138239,94.688424,94.471188,94.687601,94.51604,98.830339654485,98.8987090365448,0.050780000000003156,-0.028652658352529402,2926,2925,2926,15.0
19.8,98.02085955763306,94.688424,94.471188,94.687601,94.51604,98.846592,98.896036,0.050780000000003156,-0.028652658352529402,2941,2940,2941,15.0
19.9,98.51591440388373,94.693146667774,94.4814829933554,94.6929919136212,94.5394805913621,98.8417568504983,98.8933599401993,0.048530371961092555,-0.028620077537634292,2955,2955,2956,14.0
20.0,99.0109692501344,94.697145,94.490199,94.697556,94.559326,98.832862,98.888437,0.095405999999997,-0.028592493780237326,2970,2970,2971,15.0
20.1,99.50602409638506,94.697145,94.490199,94.697556,94.559326,98.8345640465116,98.8887975581395,0.095405999999997,-0.028592493780237326,2985,2985,2986,15.0
20.2,100.00107894263573,94.6980812591362,94.4907445681063,94.6986876910299,94.5604756578073,98.839603,98.889865,0.09446974086380067,-0.028586034700947824,3000,3000,3001,15.0
20.3,100.4961337888864,94.718823,94.502831,94.723759,94.585945,98.8393190963455,98.8915359800664,0.11155261129559335,-0.028442941252070145,3015,3014,3015,15.0
20.4,100.99118863513706,94.718823,94.502831,94.723759,94.585945,98.837704,98.901042,0.14315000000000566,-0.028442941252070145,3030,3029,3030,15.0
20.5,101.48624348138773,94.718823,94.502831,94.723759,94.585945,98.8379475761589,98.9014478940397,0.14315000000000566,-0.028442941252070145,3045,3044,3045,15.0
20.6,101.9812983276384,94.7299275980066,94.5195442890365,94.7436035448505,94.6257436046511,98.842608,98.909214,0.13869721594690532,-0.028366332676271307,3059,3059,3060,14.0
20.7,102.47635317388907,94.739204,94.533506,94.760181,94.65899,98.842608,98.909214,0.265782999999999,-0.028302336487950937,3074,3074,3075,15.0
20.8,102.97140802013973,94.739204,94.533506,94.760181,94.65899,98.8220586478405,98.8979522392026,0.265782999999999,-0.028302336487950937,3089,3089,3090,15.0
20.9,103.4664628663904,94.7416770397351,94.5368571920529,94.7636072450331,94.664571410596,98.820905,98.89732,0.2633099602649054,-0.028285275442437457,3104,3103,3104,15.0
21.0,103.96151771264107,94.792551,94.605796,94.83409,94.779389,98.8277595016611,98.8930968272425,0.28378506976739004,-0.027934305363302117,3119,3118,3119,15.0
21.1,104.45657255889174,94.792551,94.605796,94.83409,94.779389,98.828996,98.892335,0.3425939999999912,-0.027934305363302117,3134,3133,3134,15.0
21.2,104.9516274051424,94.792551,94.605796,94.83409,94.779389,98.8173933953488,98.9017154651162,0.3425939999999912,-0.027934305363302117,3149,3148,3149,15.0
21.3,105.44668225139307,94.8303756112956,94.6445283322259,94.9021576279069,94.8609057176079,98.813405,98.90494,0.3127563189369056,-0.027673360338567453,3163,3163,3164,14.0
21.4,105.94173709764374,94.861973,94.676884,94.959019,94.929002,98.8274372384106,98.8937721523178,0.44489099999999837,-0.02745537577522087,3178,3178,3179,15.0
21.5,106.4367919438944,94.861973,94.676884,94.959019,94.929002,98.835249,98.887555,0.44489099999999837,-0.02745537577522087,3193,3193,3194,15.0
21.6,106.93184679014507,94.8686248139535,94.6821796744186,94.9647137906976,94.9393433023255,98.8375050066445,98.8882616943521,0.438239186046502,-0.027409486136248485,3208,3207,3208,15.0
21.7,107.42690163639574,95.004987,94.790741,95.081457,95.15134,98.839415,98.88886,0.42089023920260615,-0.0264687485373158,3223,3222,3223,15.0
21.8,107.92195648264641,95.004987,94.790741,95.081457,95.15134,98.8386094053156,98.8946842259136,0.5189859999999982,-0.0264687485373158,3238,3237,3238,15.0
21.9,108.41701132889708,95.004987,94.790741,95.081457,95.15134,98.837578,98.902141,0.5189859999999982,-0.0264687485373158,3253,3252,3253,15.0
22.0,108.91206617514774,95.0763360697674,94.8616630431893,95.183888013289,95.2724560299003,98.8346210166113,98.9051383089701,0.46071080066450065,-0.02597652444994182,3267,3267,3268,14.0
22.1,109.40712102139841,95.135145,94.92012,95.268316,95.372285,98.828852,98.910986,0.6511770000000041,-0.025570812474893605,3282,3282,3283,15.0
22.2,109.90217586764908,95.135145,94.92012,95.268316,95.372285,98.8265384850498,98.9066488671096,0.6511770000000041,-0.025570812474893605,3297,3297,3298,15.0
22.3,110.39723071389975,95.1431319302325,94.9287406511627,95.2781548372093,95.3855991860465,98.819044,98.892599,0.643190069767499,-0.02551571211468665,3312,3311,3312,15.0
22.4,110.89228556015041,95.306864,95.105464,95.479851,95.65854,98.8172075529801,98.8950896821192,0.6595762450330938,-0.024386154730436153,3327,3326,3327,15.0
22.5,111.38734040640108,95.306864,95.105464,95.479851,95.65854,98.805517,98.910945,0.8071429999999964,-0.024386154730436153,3342,3341,3342,15.0
22.6,111.88239525265175,95.306864,95.105464,95.479851,95.65854,98.8061456378737,98.9105282890365,0.8071429999999964,-0.024386154730436153,3356,3356,3357,14.0
22.7,112.37745009890241,95.4258772392026,95.2238402624584,95.6276471461794,95.8373490199335,98.824439,98.898402,0.7063991129567881,-0.023565104319507132,3371,3371,3372,15.0
22.8,112.87250494515308,95.523973,95.321411,95.749467,95.984731,98.824439,98.898402,0.9566389999999956,-0.022888359738377093,3386,3386,3387,15.0
22.9,113.36755979140375,95.523973,95.321411,95.749467,95.984731,98.8227455562914,98.9039326754966,0.9566389999999956,-0.022888359738377093,3401,3401,3402,15.0
23.0,113.86261463765442,95.5370468704319,95.3334860498339,95.7647862857142,96.0047265980066,98.822619,98.904346,0.9435651295680998,-0.02279816551492379,3416,3415,3416,15.0
23.1,114.35766948390508,95.786322,95.563717,96.056874,96.385976,98.8350085348837,98.9048559667774,0.9212654950165984,-0.021078462321081105,3431,3430,3431,15.0
23.2,114.85272433015575,95.786322,95.563717,96.056874,96.385976,98.837536,98.90496,1.1058540000000079,-0.021078462321081105,3446,3445,3446,15.0
23.3,115.34777917640642,95.786322,95.563717,96.056874,96.385976,98.8418316013289,98.8872551960132,1.1058540000000079,-0.021078462321081105,3460,3460,3461,14.0
23.4,115.84283402265709,95.9664402450331,95.725619218543,96.2691588675496,96.6344307284768,98.84344,98.880626,0.9495336887416954,-0.019835859732570026,3475,3475,3476,15.0
23.5,116.33788886890775,96.114007,95.858262,96.443079,96.837984,98.8339975348837,98.886322372093,1.2273550000000029,-0.018817823876922216,3490,3490,3491,15.0
23.6,116.83294371515842,96.114007,95.858262,96.443079,96.837984,98.828402,98.889698,1.2273550000000029,-0.018817823876922216,3505,3504,3505,15.0
23.7,117.32799856140909,96.1322763521594,95.8758025813953,96.4636472890365,96.8628263920265,98.8162716943521,98.9000903056478,1.2090856478406096,-0.018691786982217237,3520,3519,3520,15.0
23.8,117.82305340765976,96.480612,96.210243,96.855816,97.336488,98.805293,98.909496,1.124468437086108,-0.01628868352316527,3535,3534,3535,15.0
23.9,118.31810825391042,96.480612,96.210243,96.855816,97.336488,98.8154164437086,98.9019529006622,1.3376540000000006,-0.01628868352316527,3550,3549,3550,15.0
24.0,118.81316310016109,96.480612,96.210243,96.855816,97.336488,98.829178,98.891699,1.3376540000000006,-0.01628868352316527,3564,3564,3565,14.0
24.1,119.30821794641176,96.7075874950166,96.4230682358804,97.1140590564784,97.6288443322259,98.8263537209302,98.895590923588,1.1391152358803964,-0.01472282139973416,3579,3579,3580,15.0
24.2,119.80327279266243,96.892176,96.596149,97.324076,97.866604,98.820414,98.903776,1.4610559999999992,-0.013449379311401442,3594,3594,3595,15.0
24.3,120.2983276389131,96.892176,96.596149,97.324076,97.866604,98.8237964451827,98.9040222392026,1.4610559999999992,-0.013449379311401442,3609,3608,3609,15.0
24.4,120.79338248516376,96.9159739337748,96.6162886556291,97.3503515496688,97.8984031523178,98.83584,98.904899,1.437258066225212,-0.013285201750686636,3624,3623,3624,15.0
24.5,121.28843733141443,97.341362,96.976285,97.820027,98.466813,98.8347696877076,98.904610641196,1.3326287308969995,-0.010350527852903373,3639,3638,3639,15.0
24.6,121.7834921776651,97.341362,96.976285,97.820027,98.466813,98.826891,98.902488,1.5900039999999933,-0.010350527852903373,3654,3653,3654,15.0
24.7,122.27854702391576,97.341362,96.976285,97.820027,98.466813,98.8269225946843,98.9022413056478,1.5900039999999933,-0.010350527852903373,3668,3668,3669,14.0
24.8,122.77360187016643,97.6050804370861,97.2381177748344,98.1185992218543,98.8066463874172,98.828793,98.887637,1.3617226258277952,-0.008531182941447783,3683,3683,3684,15.0
24.9,123.2686567164171,97.818266,97.449779,98.35996,99.081362,98.828793,98.887637,1.742629000000008,-0.007060455019013754,3698,3698,3699,15.0
25.0,123.76371156266777,97.818266,97.449779,98.35996,99.081362,98.8303297973421,98.901162833887,1.742629000000008,-0.007060455019013754,3713,3712,3713,15.0
25.1,124.25876640891843,97.846702730897,97.4757960631229,98.390783282392,99.1164670631229,98.830469,98.902388,1.714192269103009,-0.006864275251578698,3728,3727,3728,15.0
25.2,124.7538212551691,98.353232,97.939225,98.939823,99.741776,98.8319145813953,98.9031677674418,1.5673488205979993,-0.003369823144140265,3743,3742,3743,15.0
25.3,125.24887610141977,98.353232,97.939225,98.939823,99.741776,98.832245,98.903346,1.8559589999999986,-0.003369823144140265,3757,3757,3758,14.0
25.4,125.74393094767044,98.353232,97.939225,98.939823,99.741776,98.832875,98.900766,1.8559589999999986,-0.003369823144140265,3772,3772,3773,15.0
25.5,126.2389857939211,98.673990730897,98.2252582724252,99.2978793222591,100.138281159468,98.833127,98.899734,1.5721504750829922,-0.0011569677544661506,3787,3787,3788,15.0
25.6,126.73404064017177,98.931366,98.45477,99.585182,100.456435,98.8332743222591,98.9056262790697,1.9320610000000045,0.0006186168097035922,3802,3802,3803,15.0
25.7,127.22909548642244,98.931366,98.45477,99.585182,100.456435,98.833368,98.909373,1.9320610000000045,0.0006186168097035922,3817,3816,3817,15.0
25.8,127.7241503326731,98.9668030629139,98.4868993245033,99.6220745894039,100.498228036423,98.830586821192,98.904091615894,1.8966239370861047,0.0008630905780214536,3832,3831,3832,15.0
25.9,128.21920517892377,99.560895,99.025538,100.240568,101.198876,98.827914,98.899016,1.7068549767439976,0.004961621399821847,3847,3846,3847,15.0
26.0,128.71426002517444,99.560895,99.025538,100.240568,101.198876,98.8314867209302,98.8997499136212,2.0269440000000003,0.004961621399821847,3861,3861,3862,14.0
26.1,129.2093148714251,99.560895,99.025538,100.240568,101.198876,98.836657,98.900812,2.0269440000000003,0.004961621399821847,3876,3876,3877,15.0
26.2,129.70436971767577,99.920580820598,99.3540525215946,100.626311923588,101.63322857475,98.8365448272425,98.907318936877,1.7098345382050013,0.007443027609635158,3891,3891,3892,15.0
26.3,130.19942456392644,100.209191,99.617651,100.935831,101.981751,98.83629,98.922101,2.132499999999993,0.009434096065413566,3906,3905,3906,15.0
26.4,130.6944794101771,100.209191,99.617651,100.935831,101.981751,98.8335504651162,98.9181834651162,2.132499999999993,0.009434096065413566,3921,3920,3921,15.0
26.5,131.18953425642778,100.24614120598,99.6521253621262,100.976737631229,102.027798239202,98.82299,98.903082,2.095549794020002,0.009689008728971426,3936,3935,3936,15.0
26.6,131.68458910267844,100.863427,100.22805,101.660119,102.797058,98.8244184717608,98.8996707641195,1.8979704186040038,0.013947549696653067,3951,3950,3951,15.0
26.7,132.1796439489291,100.863427,100.22805,101.660119,102.797058,98.83686,98.86996,2.230238,0.013947549696653067,3965,3965,3966,14.0
26.8,132.67469879517978,100.863427,100.22805,101.660119,102.797058,98.8368221788079,98.8700493708609,2.230238,0.013947549696653067,3980,3980,3981,15.0
26.9,133.16975364143045,101.267749976744,100.604812046511,102.089796581395,103.265144511627,98.825438,98.89695,1.8732050299000065,0.016736899423019043,3995,3995,3996,15.0
27.0,133.6648084876811,101.587839,100.903082,102.429958,103.635713,98.825438,98.89695,2.2966200000000043,0.0189451346230611,4010,4009,4010,15.0
27.1,134.15986333393178,101.587839,100.903082,102.429958,103.635713,98.8216295946843,98.8879907940199,2.2966200000000043,0.0189451346230611,4025,4024,4025,15.0
27.2,134.65491818018245,101.630415358803,100.940786192691,102.475068940199,103.684720724252,98.821208,98.886999,2.2540436411970006,0.019238861078414177,4040,4039,4040,15.0
27.3,135.14997302643312,102.341691,101.570668,103.228687,104.503438,98.8347917814569,98.9116679834437,1.9923723543040097,0.0241458206856091,4054,4054,4055,14.0
27.4,135.64502787268378,102.341691,101.570668,103.228687,104.503438,98.83823,98.917912,2.3462030000000027,0.0241458206856091,4069,4069,4070,15.0
27.5,136.14008271893445,102.341691,101.570668,103.228687,104.503438,98.8368618604651,98.9102724651162,2.3462030000000027,0.0241458206856091,4084,4084,4085,15.0
27.6,136.63513756518512,102.761397418604,101.968646604651,103.675420767441,105.003935116279,98.836269,98.906962,1.9765136179400002,0.027041297943208486,4099,4099,4100,15.0
27.7,137.1301924114358,103.093665,102.283713,104.029085,105.400162,98.8340210930232,98.9049567242524,2.430624999999992,0.029333550772149313,4114,4113,4114,15.0
27.8,137.62524725768645,103.093665,102.283713,104.029085,105.400162,98.832489,98.90359,2.430624999999992,0.029333550772149313,4129,4128,4129,15.0
27.9,138.12030210393712,103.140955006644,102.327469325581,104.079720435215,105.455329069767,98.8255919335548,98.901548551495,2.3833349933559873,0.02965979581554149,4144,4143,4144,15.0
28.0,138.6153569501878,103.884459,103.015416,104.875822,106.322678,98.818556,98.899466,2.1198892558129927,0.03478909288671111,4158,4158,4159,14.0
28.1,139.11041179643846,103.884459,103.015416,104.875822,106.322678,98.824129833887,98.8995926245847,2.4948459999999955,0.03478909288671111,4173,4173,4174,15.0
28.2,139.60546664268912,103.884459,103.015416,104.875822,106.322678,98.832774,98.899789,2.4948459999999955,0.03478909288671111,4188,4188,4189,15.0
28.3,140.1005214889398,104.334063354304,103.429089387417,105.366371360927,106.834491142384,98.8330481986755,98.9037542450331,2.0996871241009956,0.037890830494477244,4203,4203,4204,15.0
28.4,140.59557633519046,104.687894,103.754643,105.752425,107.237279,98.833715,98.913397,2.5539420000000064,0.04033184293136608,4218,4217,4218,15.0
28.5,141.09063118144113,104.687894,103.754643,105.752425,107.237279,98.8320631362126,98.9118227774086,2.5539420000000064,0.04033184293136608,4233,4232,4233,15.0
28.6,141.5856860276918,104.737911036544,103.801946521594,105.805354508305,107.294424813953,98.824992,98.905084,2.503924963456001,0.040676901251625715,4248,4247,4248,15.0
28.7,142.08074087394246,105.52429,104.545663,106.637524,108.192884,98.8243939136212,98.9043448571428,2.2145725231780062,0.04610198484247183,4262,4262,4263,14.0
28.8,142.57579572019313,105.52429,104.545663,106.637524,108.192884,98.818068,98.896527,2.6004990000000134,0.04610198484247183,4277,4277,4278,15.0
28.9,143.0708505664438,105.52429,104.545663,106.637524,108.192884,98.818068,98.896527,2.6004990000000134,0.04610198484247183,4292,4292,4293,15.0
29.0,143.56590541269446,106.004348255813,104.993282239202,107.131256096345,108.747555475083,98.8404860730896,98.9092664252491,2.174304229236,0.049413818306093094,4307,4306,4307,15.0
29.1,144.06096025894513,106.379305,105.342902,107.516893,109.18079,98.840788,98.909438,2.5987949999999955,0.052000575804317856,4322,4321,4322,15.0
29.2,144.5560151051958,106.379305,105.342902,107.516893,109.180789999999,98.8252162417218,98.9047044966887,2.5987949999999955,0.052000575804317856,4337,4336,4337,15.0
29.3,145.05106995144646,106.433750478405,105.394322375415,107.575616003322,109.242686571428,98.823175,98.904084,2.544349521594995,0.052376185129105274,4352,4351,4352,15.0
29.4,145.54612479769713,107.241836,106.157509,108.447189,110.161362,98.8352055116279,98.9074632691029,2.212134099666997,0.05795101826545829,4366,4366,4367,14.0
29.5,146.0411796439478,107.241836,106.157509,108.447189,110.161362,98.838519,98.908394,2.5788340000000005,0.05795101826545829,4381,4381,4382,15.0
29.6,146.53623449019847,107.241836,106.157509,108.447189,110.161362,98.8365984019933,98.9123176046511,2.5788340000000005,0.05795101826545829,4396,4396,4397,15.0
29.7,147.03128933644913,107.738862523178,106.622421284768,108.947836748344,110.718284251655,98.835699,98.914155,2.135550920529994,0.06137991267949247,4411,4410,4411,15.0
29.8,147.5263441826998,108.124789,106.983412,109.336575,111.150718,98.8339059767441,98.9099869767442,2.5074069999999864,0.0640423483421643,4426,4425,4426,15.0
29.9,148.02139902895047,108.124789,106.983412,109.336575,111.150718,98.832615,98.906986,2.5074069999999864,0.0640423483421643,4441,4440,4441,15.0
30.0,148.51645387520114,108.178652485049,107.036707252491,109.394927913621,111.21262820598,98.8325575913621,98.911619833887,2.4535435149509937,0.0644139426020118,4455,4455,4456,14.0
30.1,149.0115087214518,108.9781,107.827721,110.261008,112.131506,98.832495,98.916672,2.081133176079007,0.06992918372194556,4470,4470,4471,15.0
30.2,149.50656356770247,108.9781,107.827721,110.261008,112.131505999999,98.8280746688741,98.9188844304635,2.4102029999999957,0.06992918372194556,4485,4485,4486,15.0
30.3,150.00161841395314,108.9781,107.827721,110.261008,112.131506,98.820785,98.922533,2.4102029999999957,0.06992918372194556,4500,4500,4501,15.0
30.4,150.4966732602038,109.453970099667,108.290324887043,110.768801953488,112.694340983388,98.816751641196,98.9196271727574,1.9780492458469894,0.07321212386791791,4515,4514,4515,15.0
30.5,150.99172810645447,109.82067,108.646802,111.160102,113.128055,98.806158,98.911995,2.2255639999999914,0.0757419189215884,4530,4529,4530,15.0
30.6,151.48678295270514,109.82067,108.646802,111.160102,113.128055,98.8088195016611,98.912397179402,2.2255639999999914,0.0757419189215884,4545,4544,4545,15.0
30.7,151.9818377989558,109.874413443708,108.701891735099,111.21700007947,113.193354139072,98.821564,98.914323,2.1718205562920048,0.07611268503834004,4559,4559,4560,14.0
30.8,152.47689264520648,110.632196,109.478657,112.019263,114.114072,98.82271530897,98.9148171594684,1.7045039401990039,0.081340487284603,4574,4574,4575,15.0
30.9,152.97194749145714,110.632196,109.478657,112.019263,114.114072,98.837316,98.921084,1.9253260000000125,0.081340487284603,4589,4589,4590,15.0
31.0,153.4670023377078,110.632196,109.478657,112.019263,114.114072,98.837316,98.921084,1.9253260000000125,0.081340487284603,4604,4604,4605,15.0
31.1,153.96205718395848,111.059233176079,109.948612681063,112.477950109634,114.655558710963,98.8373761461794,98.9274856877076,1.527293674418999,0.0842865380874449,4619,4618,4619,15.0
31.2,154.45711203020915,111.388303,110.310755,112.831409,115.072822,98.837378,98.927683,1.605741999999006,0.08655673017670251,4634,4633,4634,15.0
31.3,154.9521668764598,111.388303,110.310755,112.831409,115.072822,98.8312797541528,98.9198082026578,1.6057419999990175,0.08655673017670251,4649,4648,4649,15.0
31.4,155.44722172271048,111.432019345514,110.361603837209,112.87673092691,115.132811302325,98.830372,98.918636,1.5620256544850122,0.08685832119035,4663,4663,4664,14.0
31.5,155.94227656896115,112.046234,111.076029999999,113.513503999999,115.975661,98.8354087209302,98.9139507674418,1.1784439833880072,0.09109567493219606,4678,4678,4679,15.0
31.6,156.43733141521182,112.046234,111.076029999999,113.513503999999,115.975661,98.836935,98.912531,1.353779000000003,0.09109567493219606,4693,4693,4694,15.0
31.7,156.93238626146248,112.046234,111.07603,113.513504,115.975660999999,98.8450528708609,98.9138494801324,1.353778999999998,0.09109567493219606,4708,4707,4708,15.0
31.8,157.42744110771315,112.336699940199,111.475720627906,113.875238877076,116.448834475083,98.849132,98.914512,1.0937927807310115,0.09309954593981803,4723,4722,4723,15.0
31.9,157.92249595396382,112.557522,111.779579,114.150242,116.808557,98.8453016345514,98.9136817674418,1.2793669999999935,0.09462295664737104,4738,4737,4738,15.0
32.0,158.41755080021449,112.557522,111.779579,114.150242,116.808557,98.84235,98.913042,1.2793669999999935,0.09462295664737104,4753,4752,4753,15.0
32.1,158.91260564646515,112.586526850498,111.823485179401,114.185699142857,116.861931551495,98.8375847475083,98.9137494684385,1.2503621495019956,0.09482305576726623,4767,4767,4768,14.0
32.2,159.40766049271582,112.994044999999,112.440367,114.683871999999,117.611844,98.832031,98.914574,1.021593006622993,0.09763444840182212,4782,4782,4783,15.0
32.3,159.9027153389665,112.994044999999,112.440367,114.683872,117.611844,98.8345839900332,98.920085923588,1.1566940000009964,0.09763444840182212,4797,4797,4798,15.0
32.4,160.39777018521715,112.994044999999,112.440367,114.683872,117.611844,98.839081,98.929795,1.1566940000009964,0.09763444840182212,4812,4811,4812,15.0
32.5,160.89282503146782,113.224677983388,112.818179285714,114.986170458471,118.049464813953,98.8363427076412,98.9253629933554,0.9368495049839964,0.0992255428636993,4827,4826,4827,15.0
32.6,161.3878798777185,113.400013,113.105405,115.215987999999,118.382159,98.828514,98.912692,0.9053609999999992,0.10043514684056828,4842,4841,4842,15.0
32.7,161.88293472396916,113.400013,113.105404999999,115.215988,118.382159,98.829602423841,98.9139101192053,0.9053609999999992,0.10043514684056828,4856,4856,4857,14.0
32.8,162.37798957021982,113.43049272093,113.148468813953,115.253333395348,118.433989372093,98.835362,98.920356,0.8748812790699958,0.10064542081985205,4871,4871,4872,15.0
32.9,162.8730444164705,113.836889,113.722653,115.751272,119.125061,98.8356781096345,98.9205336245847,0.5529632857140001,0.10344907387699152,4886,4886,4887,15.0
33.0,163.36809926272116,113.836889,113.722653,115.751272,119.125061,98.840959,98.923501,0.616321999999002,0.10344907387699152,4901,4901,4902,15.0
33.1,163.86315410897183,113.836889,113.722653,115.751272,119.125061,98.840959,98.923501,0.616321999999002,0.10344907387699152,4916,4915,4916,15.0
33.2,164.3582089552225,114.015638006622,114.049442178807,115.998209894039,119.530918920529,98.8391480331126,98.9314314900662,0.4508528804209959,0.1046822303419652,4931,4930,4931,15.0
33.3,164.85326380147316,114.150739,114.296433999999,116.184849,119.837672,98.83906,98.931817,0.4841649999989954,0.10561426720503297,4946,4945,4946,15.0
33.4,165.34831864772383,114.150739,114.296433999999,116.184849,119.837672,98.8355004219269,98.9237227807309,0.4841649999989954,0.10561426720503297,4960,4960,4961,14.0
33.5,165.8433734939745,114.161527488372,114.33354888372,116.205820744186,119.882768418604,98.834891,98.922337,0.473376511626995,0.105688694998701,4975,4975,4976,15.0
33.6,166.33842834022516,114.305374,114.828414,116.485444,120.484054,98.838362897351,98.91168002649,0.488046692051995,0.10668106558095042,4990,4990,4991,15.0
33.7,166.83348318647583,114.305374,114.828413999999,116.485444,120.484054,98.83951,98.908159,0.6062469999990014,0.10668106558095042,5005,5005,5006,15.0
33.8,167.3285380327265,114.305374,114.828413999999,116.485444,120.484054,98.832379116279,98.9063507209302,0.6062469999990014,0.10668106558095042,5020,5019,5020,15.0
33.9,167.82359287897717,114.389852285714,115.115781428571,116.672601142857,120.828921428571,98.828559,98.905382,0.5526239700990061,0.10726386571028713,5035,5034,5035,15.0
34.0,168.31864772522783,114.453210999999,115.331307,116.812968999999,121.087572,98.8315388671096,98.8915620166113,0.8805660000009965,0.10770096580728623,5050,5049,5050,15.0
34.1,168.8137025714785,114.453210999999,115.331307,116.812969,121.087572,98.833995,98.880171,0.8805660000009965,0.10770096580728623,5064,5064,5065,14.0
34.2,169.30875741772917,114.466490887043,115.366055378737,116.837679093023,121.132595767441,98.8435068936877,98.882168641196,0.8672861129570038,0.10779258130139106,5079,5079,5080,15.0
34.3,169.80381226397984,114.634903999999,115.806728,117.151048,121.703579,98.855203,98.884625,0.9895273687710073,0.10895443234018994,5094,5094,5095,15.0
34.4,170.2988671102305,114.634903999999,115.806728,117.151048,121.703579,98.8528016710963,98.8833531594684,1.204578000001007,0.10895443234018994,5109,5108,5109,15.0
34.5,170.79392195648117,114.634903999999,115.806728,117.151048,121.703579,98.848253,98.880944,1.204578000001007,0.10895443234018994,5124,5123,5124,15.0
34.6,171.28897680273184,114.793420692052,116.104277688741,117.368833804635,122.072960923841,98.8447441258278,98.883542821192,1.073614394040007,0.1100480097944399,5139,5138,5139,15.0
34.7,171.7840316489825,114.911620999999,116.32615,117.531229,122.348396,98.833933,98.89155,1.289644999999993,0.11086345194240646,5154,5153,5154,15.0
34.8,172.27908649523317,114.911620999999,116.32615,117.531229,122.348396,98.8333811428571,98.8898891428571,1.289644999999993,0.11086345194240646,5168,5168,5169,14.0
34.9,172.77414134148384,114.942476255813,116.364091375415,117.56939395681,122.397129946843,98.83007,98.879924,1.2587897441859894,0.1110763166676685,5183,5183,5184,15.0
35.0,173.2691961877345,115.333777,116.845257,118.053395,123.015165,98.8308235282392,98.8793579269103,0.9693176046509961,0.11377582841076657,5198,5198,5199,15.0
35.1,173.76425103398518,115.333777,116.845257,118.053395,123.015165,98.848971,98.865725,1.0446589999999958,0.11377582841076657,5213,5212,5213,15.0
35.2,174.25930588023584,115.333777,116.845257,118.053395,123.015165,98.848971,98.865725,1.0446589999999958,0.11377582841076657,5228,5227,5228,15.0
35.3,174.7543607264865,115.62443136877,117.188248754152,118.357261166112,123.438183910299,98.8310649036545,98.8647236877076,0.7742866578079912,0.11578099935238491,5243,5242,5243,15.0
35.4,175.24941557273718,115.839482,117.442023,118.582087,123.751168999999,98.829926,98.86466,0.8043839999999989,0.11726459403752207,5257,5257,5258,14.0
35.5,175.74447041898785,115.839482,117.442023,118.582087,123.751168999999,98.8354021860465,98.8632945116279,0.8043839999999989,0.11726459403752207,5272,5272,5273,15.0
35.6,176.2395252652385,115.867035086092,117.484479019867,118.616202245033,123.802140655629,98.836467,98.863029,0.7768309139069913,0.11745467770224517,5287,5287,5288,15.0
35.7,176.73458011148918,116.201265999999,117.999488999999,119.030035,124.420449,98.8324119966777,98.8574671993355,0.5898756810640009,0.11976047520046602,5302,5302,5303,15.0
35.8,177.22963495773985,116.201265999999,117.999488999999,119.030035,124.420449,98.830969,98.855488,0.6973700000000065,0.11976047520046602,5317,5316,5317,15.0
35.9,177.72468980399051,116.201265999999,117.999488999999,119.030035,124.420449,98.8269116777408,98.8509122491694,0.6973700000000065,0.11976047520046602,5332,5331,5332,15.0
36.0,178.21974465024118,116.303094604651,118.299218684385,119.244853295681,124.79130582392,98.824575,98.848277,0.6177182857140053,0.12046297198363085,5347,5346,5347,15.0
36.1,178.71479949649185,116.378436,118.520984,119.403794,125.065697,98.8277113013245,98.8429165529801,0.8104280000000017,0.12098273838966872,5361,5361,5362,14.0
36.2,179.20985434274252,116.378436,118.520984,119.403793999999,125.065697,98.830458,98.838222,0.8104280000000017,0.12098273838966872,5376,5376,5377,15.0
36.3,179.70490918899318,116.398718026578,118.559742285714,119.430946531561,125.112556787375,98.8305914551494,98.8471799069767,0.7901459734219998,0.12112266035438386,5391,5391,5392,15.0
36.4,180.19996403524385,116.643866,119.028212,119.759138,125.678949,98.830767,98.858963,0.6860131495009938,0.12281389105833866,5406,5405,5406,15.0
36.5,180.69501888149452,116.643866,119.028212,119.759138,125.678949,98.8257587840531,98.8570464784053,0.7889380000000017,0.12281389105833866,5421,5420,5421,15.0
36.6,181.1900737277452,116.643865999999,119.028212,119.759138,125.678949,98.81554,98.853136,0.7889380000000017,0.1228138910583317,5436,5435,5436,15.0
36.7,181.68512857399585,116.791141681063,119.310553302325,119.998178159468,126.033930388704,98.8195312259136,98.8512255481727,0.6631167242520064,0.12382991884874921,5451,5450,5451,15.0
36.8,182.18018342024652,116.898635999999,119.516629999999,120.172649999999,126.293026,98.832951,98.844802,0.8032420000009921,0.12457150235094006,5465,5465,5466,14.0
36.9,182.6752382664972,116.898635999999,119.516629999999,120.172649999999,126.293026,98.8315323754152,98.8464272890365,0.8032420000009921,0.12457150235094006,5480,5480,5481,15.0
37.0,183.17029311274786,116.920812890365,119.554724800664,120.201673478405,126.342078428571,98.821714,98.857676,0.7810651096349943,0.12472449663182955,5495,5495,5496,15.0
37.1,183.66534795899852,117.188864,120.015175,120.552479,126.934973,98.8211710066225,98.8574794172185,0.7171872558130019,0.12657373185297277,5510,5509,5510,15.0
37.2,184.1604028052492,117.188864,120.015175,120.552479,126.934972999999,98.801216,98.850255,0.864191999999008,0.12657373185297277,5525,5524,5525,15.0
37.3,184.65545765149986,117.188864,120.015175,120.552479,126.934972999999,98.801216,98.850255,0.864191999999008,0.12657373185297277,5540,5539,5540,15.0
37.4,185.15051249775053,117.329879149501,120.293285963455,120.777594534883,127.284634960132,98.8193358737541,98.8495031993355,0.7521124784050102,0.12754656938954226,5555,5554,5555,15.0
37.5,185.6455673440012,117.432804,120.496275,120.941903,127.539848,98.820835,98.849441,0.9831530000000015,0.12825662897083942,5569,5569,5570,14.0
37.6,186.14062219025186,117.432803999999,120.496275,120.941903,127.539848,98.8148904152823,98.8492201893687,0.9831530000000015,0.12825662897083245,5584,5584,5585,15.0
37.7,186.63567703650253,117.454258405315,120.536357790697,120.974432408637,127.588925847176,98.81362,98.849173,0.9616985946839947,0.12840463896046864,5599,5599,5600,15.0
37.8,187.1307318827532,117.701878,120.99898,121.349876,128.155366,98.8204407209302,98.8418526744185,0.8906749302320094,0.13011292092415916,5614,5613,5614,15.0
37.9,187.62578672900386,117.701878,120.99898,121.349876,128.155366,98.823081,98.839019,1.0178240000000045,0.13011292092415916,5629,5628,5629,15.0
38.0,188.12084157525453,117.701878,120.99898,121.349876,128.155366,98.8143266754966,98.837855513245,1.0178240000000045,0.13011292092415916,5644,5643,5644,15.0
38.1,188.6158964215052,117.906051255813,121.291292790697,121.592922511627,128.514760186046,98.808943,98.83714,0.8399854617940008,0.13152147460028094,5658,5658,5659,14.0
38.2,189.11095126775587,118.053055999999,121.501758,121.767916,128.773524,98.8088683687707,98.837912744186,0.9837160000009959,0.13253563324709303,5673,5673,5674,15.0
38.3,189.60600611400653,118.053055999999,121.501758,121.767916,128.773524,98.808799,98.838631,0.9837160000009959,0.13253563324709303,5688,5688,5689,15.0
38.4,190.1010609602572,118.081991627906,121.542447169435,121.803461913621,128.823860372093,98.8082711760797,98.838952013289,0.9547803720939925,0.13273525481308612,5703,5703,5704,15.0
38.5,190.59611580650787,118.415957,122.012068,122.213721,129.404826,98.807528,98.839404,0.8090907086089913,0.13503922038726107,5718,5717,5718,15.0
38.6,191.09117065275854,118.415956999999,122.012067999999,122.213721,129.404826,98.8087475348837,98.8421709933554,0.9438790000010044,0.1350392203872541,5733,5732,5733,15.0
38.7,191.5862254990092,118.415956999999,122.012067999999,122.213721,129.404826,98.811392,98.848171,0.9438790000010044,0.1350392203872541,5748,5747,5748,15.0
38.8,192.08128034525987,118.592552930232,122.306090674418,122.459058790697,129.768660302325,98.8116044119601,98.8515113322259,0.7912088172760008,0.13625752317489082,5762,5762,5763,14.0
38.9,192.57633519151054,118.719702,122.517787,122.635702,130.030621,98.812391,98.863881,0.9282000000000039,0.1371347011819908,5777,5777,5778,15.0
39.0,193.0713900377612,118.719702,122.517787,122.635702,130.030621,98.8125615629139,98.862993397351,0.9282000000000039,0.1371347011819908,5792,5792,5793,15.0
39.1,193.56644488401187,118.746036717607,122.561002282392,122.670596684385,130.081838524916,98.813906,98.855997,0.901865282393004,0.13731637954700127,5807,5806,5807,15.0
39.2,194.06149973026254,119.036772,123.038098999999,123.055834,130.64728,98.8138212524916,98.8561606943521,0.8361550631220069,0.1393221086967976,5822,5821,5822,15.0
39.3,194.5565545765132,119.036772,123.038098999999,123.055834,130.64728,98.805403,98.872421,0.9959740000000039,0.1393221086967976,5837,5836,5837,15.0
39.4,195.05160942276387,119.036772,123.038098999999,123.055834,130.64728,98.805403,98.872421,0.9959740000000039,0.1393221086967976,5852,5851,5852,15.0
39.5,195.54666426901454,119.225047708609,123.335021490066,123.30638631788,131.013731814569,98.8114101324503,98.8710128940397,0.8319671390730008,0.14062098812363358,5866,5866,5867,14.0
39.6,196.0417191152652,119.359836,123.547590999999,123.485759,131.276078,98.812024,98.870869,0.9548020000000008,0.14155086771330352,5881,5881,5882,15.0
39.7,196.53677396151588,119.359836,123.547590999999,123.485759,131.276078,98.7954943488372,98.8837011760797,0.9548020000000008,0.14155086771330352,5896,5896,5897,15.0
39.8,197.03182880776654,119.383761747508,123.588635019933,123.518208667774,131.326836305647,98.791549,98.886764,0.9308762524919985,0.1417159270374161,5911,5910,5911,15.0
39.9,197.5268836540172,119.647902,124.041761,123.876453,131.887208,98.7932203488372,98.8835424451827,0.8153437342189989,0.14353818197564408,5926,5925,5926,15.0
40.0,198.02193850026788,119.647902,124.041761,123.876453,131.887208,98.793922,98.88219,0.9208889999989935,0.14353818197564408,5941,5940,5941,15.0
40.1,198.51699334651855,119.647902,124.041761,123.876453,131.887208,98.7975662325581,98.8858342325581,0.9208890000000025,0.14353818197564408,5956,5955,5956,15.0
40.2,199.0120481927692,119.872927063122,124.33897120598,124.126119817275,132.238289408637,98.799949,98.888217,0.7174218239210006,0.14509058842877096,5970,5970,5971,14.0
40.3,199.50710303901988,120.032746,124.550058,124.303439999999,132.487637,98.8049811627907,98.8973482358804,0.785618999999997,0.14619314983015033,5985,5985,5986,15.0
40.4,200.00215788527055,120.032746,124.550058,124.303439999999,132.487637,98.80998,98.906419,0.785618999999997,0.14619314983015033,6000,6000,6001,15.0
40.5,200.49721273152122,120.057014847682,124.592444198675,124.33937613245,132.53906310596,98.8039384139072,98.8946479437086,0.761350152318002,0.14636057613915243,6015,6014,6015,15.0
40.6,200.99226757777188,120.314638,125.04239,124.720851999999,133.084971,98.794901,98.87704,0.6710460996669951,0.14813787080395394,6030,6029,6030,15.0
40.7,201.48732242402255,120.314638,125.04239,124.720851999999,133.084971,98.7930863488372,98.8801128571428,0.7882639999999981,0.14813787080395394,6045,6044,6045,15.0
40.8,201.98237727027322,120.314638,125.04239,124.720851999999,133.084971,98.788832,98.887317,0.7882639999999981,0.14813787080395394,6059,6059,6060,14.0
40.9,202.4774321165239,120.463245734219,125.321373973421,124.934711295681,133.424684328903,98.7890521229236,98.8853745083056,0.6655208353169968,0.14916308818367777,6074,6074,6075,15.0
41.0,202.97248696277455,120.568790999999,125.519516,125.0866,133.665958,98.789955,98.877407,0.823411000001002,0.1498912255272279,6089,6089,6090,15.0
41.1,203.46754180902522,120.568791,125.519516,125.086599999999,133.665958,98.7919038770764,98.8771510099667,0.823410999999993,0.14989122552723486,6104,6104,6105,15.0
41.2,203.9625966552759,120.590348887043,125.561842790697,125.117147063122,133.715622405315,98.810183,98.87475,0.8018531129569908,0.1500399494182407,6119,6118,6119,15.0
41.3,204.45765150152656,120.818365,126.00953,125.440241,134.240919,98.810183,98.87475,0.7331252392019962,0.15161299057312497,6134,6133,6134,15.0
41.4,204.95270634777722,120.818365,126.00953,125.440241,134.240919,98.8057615747508,98.8784462757475,0.8447170000000028,0.15161299057312497,6149,6148,6149,15.0
41.5,205.4477611940279,120.818365,126.00953,125.440241,134.240919,98.805732,98.878471,0.8447169999989939,0.15161299057312497,6163,6163,6164,14.0
41.6,205.94281604027856,120.985684099667,126.274116774086,125.656332714285,134.574355833887,98.8145893388704,98.8723554950166,0.7045988305650042,0.15276729421579785,6178,6178,6179,15.0
41.7,206.43787088652923,121.102902,126.459477,125.807719,134.80795,98.815643,98.871628,0.863420000000005,0.15357595891462864,6193,6193,6194,15.0
41.8,206.9329257327799,121.102902,126.459477,125.807719,134.80795,98.8156596046511,98.8729366046511,0.863420000000005,0.15357595891462864,6208,6207,6208,15.0
41.9,207.42798057903056,121.128766569536,126.503055,125.842673182119,134.858444917218,98.815664,98.873283,0.8375554304640076,0.15375439381471467,6223,6222,6223,15.0
42.0,207.92303542528123,121.392202,126.946905,126.198688,135.372745,98.8168359867109,98.8699370332226,0.7511850564780076,0.15557178631562396,6238,6237,6238,15.0
42.1,208.4180902715319,121.392202,126.946905,126.198688,135.372745,98.81736,98.868441,0.8735390000000081,0.15557178631562396,6253,6252,6253,15.0
42.2,208.91314511778256,121.392202,126.946905,126.198688,135.372745,98.809633744186,98.8780160531561,0.8735390000000081,0.15557178631562396,6267,6267,6268,14.0
42.3,209.40819996403323,121.551490239202,127.221050362126,126.423544448504,135.71682947176,98.804221,98.884724,0.7358530033220063,0.15667068653150937,6282,6282,6283,15.0
42.4,209.9032548102839,121.663082,127.413107,126.581071,135.957883,98.7992478245033,98.8898952847682,0.8434839999989947,0.15744053753021653,6297,6297,6298,15.0
42.5,210.39830965653456,121.663081999999,127.413107,126.581071,135.957883,98.794004,98.895348,0.8434840000010126,0.15744053753020956,6312,6311,6312,15.0
42.6,210.89336450278523,121.690282930232,127.455714973421,126.615642840531,136.008568189368,98.7971221262458,98.9061818604651,0.816283069768005,0.15762819173654072,6327,6326,6327,15.0
42.7,211.3884193490359,121.966322,127.888107,126.966483,136.522929,98.802095,98.92346,0.7249009634549992,0.1595325344229847,6342,6341,6342,15.0
42.8,211.88347419528657,121.966322,127.888107,126.966483,136.522929,98.8109638039867,98.9134037375415,0.8525009999999895,0.1595325344229847,6357,6356,6357,15.0
42.9,212.37852904153723,121.966322,127.888107,126.966483,136.522929,98.833501,98.887849,0.8525009999989948,0.1595325344229847,6371,6371,6372,14.0
43.0,212.8735838877879,122.143387056478,128.162722561461,127.172653126245,136.845998408637,98.8274787740863,98.8920565913621,0.6986069202660019,0.16075407362615643,6386,6386,6387,15.0
43.1,213.36863873403857,122.265741,128.352485,127.315119,137.069243,98.800543,98.910876,0.8021699999999896,0.16159817094071244,6401,6401,6402,15.0
43.2,213.86369358028924,122.265741,128.352485,127.315119,137.069243,98.8018283156146,98.9092289302325,0.8021699999999896,0.16159817094071244,6416,6415,6416,15.0
43.3,214.3587484265399,122.287343242524,128.393228,127.348089139534,137.118030385382,98.816663,98.890219,0.7805677574759926,0.16174720083200983,6431,6430,6431,15.0
43.4,214.85380327279057,122.506565999999,128.806694,127.682674999999,137.613132,98.816663,98.890219,0.7130060099340056,0.16325957824746215,6446,6445,6446,15.0
43.5,215.34885811904124,122.506566,128.806694,127.682675,137.613132,98.8023657906976,98.8847325880398,0.8172199999989971,0.1632595782474691,6460,6460,6461,14.0
43.6,215.8439129652919,122.506566,128.806694,127.682675,137.613132,98.802075,98.884621,0.8172199999989971,0.1632595782474691,6475,6475,6476,15.0
43.7,216.33896781154257,122.691222963455,129.08053310299,127.883814408637,137.943984325581,98.7932191594684,98.8843684019933,0.6537611760790014,0.1645334926181849,6490,6490,6491,15.0
43.8,216.83402265779324,122.818823,129.269759,128.022804,138.172607,98.791978,98.884333,0.7328430000000026,0.16541378176199584,6505,6505,6506,15.0
43.9,217.3290775040439,122.818822999999,129.269759,128.022804,138.172607,98.7950858609271,98.8719263509933,0.7328430000000026,0.16541378176198895,6520,6519,6520,15.0
44.0,217.82413235029458,122.841993976744,129.311392674418,128.056941581395,138.222748488372,98.795989,98.868321,0.7096720232559903,0.16557363406166234,6535,6534,6535,15.0
44.1,218.31918719654524,123.067911,129.717321,128.389783,138.711628,98.8040489767441,98.8752776279069,0.6363539867100059,0.16713219398342385,6550,6549,6550,15.0
44.2,218.8142420427959,123.067911,129.717321,128.389783,138.711628,98.80794,98.878636,0.7403600000000097,0.16713219398342385,6564,6564,6565,14.0
44.3,219.30929688904658,123.067911,129.717321,128.389783,138.711628,98.8129148571428,98.8738034285714,0.7403600000000097,0.16713219398342385,6579,6579,6580,15.0
44.4,219.80435173529725,123.219572009933,129.99017034437,128.60219257947,139.019793688741,98.816646,98.870179,0.6170096158939913,0.16817847534978034,6594,6594,6595,15.0
44.5,220.2994065815479,123.323785999999,130.177659,128.74815,139.23155,98.8231228039867,98.8625827076412,0.7793060000010001,0.16889742846744635,6609,6608,6609,15.0
44.6,220.79446142779858,123.323785999999,130.177659,128.74815,139.23155,98.830375,98.854077,0.7793060000010001,0.16889742846744635,6624,6623,6624,15.0
44.7,221.28951627404925,123.344984139534,130.21610644186,128.77965772093,139.279994465116,98.8238507076412,98.8715124817275,0.7581078604659979,0.16904367052667235,6639,6638,6639,15.0
44.8,221.78457112029992,123.551666,130.590969,129.086858,139.752328,98.812683,98.901357,0.7006400397350063,0.17046953060412387,6654,6653,6654,15.0
44.9,222.27962596655058,123.551665999999,130.590969,129.086858,139.752328,98.8099426788079,98.9008090430463,0.8017740000010036,0.170469530604117,6668,6668,6669,14.0
45.0,222.77468081280125,123.551666,130.590969,129.086858,139.752328,98.802466,98.899314,0.8017740000000089,0.17046953060412387,6683,6683,6684,15.0
45.1,223.26973565905192,123.70426498671,130.865624578073,129.307967601328,140.07192030897,98.8041294551494,98.9024025382059,0.678970827242992,0.17152228289945726,6698,6698,6699,15.0
45.2,223.76479050530259,123.808271,131.05282,129.458668,140.289743,98.81248,98.917907,0.8544289999999961,0.17223980122366214,6713,6712,6713,15.0
45.3,224.25984535155325,123.808271,131.05282,129.458668,140.289743,98.8121522657807,98.9173214086378,0.8544289999999961,0.17223980122366214,6728,6727,6728,15.0
45.4,224.75490019780392,123.836581625827,131.094088056291,129.49207955298,140.342544221854,98.807288,98.90863,0.8261183741730065,0.17243511101545209,6743,6742,6743,15.0
45.5,225.2499550440546,124.103092,131.482577,129.806609,140.839604,98.807288,98.90863,0.7355355747500028,0.1742737169864995,6757,6757,6758,14.0
45.6,225.74500989030525,124.103092,131.482577,129.806609,140.839604,98.788863847176,98.9067435548172,0.8537979999999976,0.1742737169864995,6772,6772,6773,15.0
45.7,226.24006473655592,124.103092,131.482577,129.806609,140.839604,98.788165,98.906672,0.8537979999999976,0.1742737169864995,6787,6787,6788,15.0
45.8,226.7351195828066,124.252306039735,131.747911900662,130.01511337086,141.141727443708,98.8015179801324,98.9207257748344,0.7312709470189986,0.17530311715627594,6802,6802,6803,15.0
45.9,227.23017442905726,124.35344,131.92775,130.156433,141.3465,98.803675,98.922996,0.8720989999989968,0.17600082171579223,6817,6816,6817,15.0
46.0,227.72522927530792,124.35344,131.92775,130.156433,141.3465,98.798294641196,98.9113999269102,0.8720989999989968,0.17600082171579223,6832,6831,6832,15.0
46.1,228.2202841215586,124.383235813953,131.970503707641,130.192301953488,141.397082840531,98.796603,98.907754,0.84230318604601,0.17620637754684074,6847,6846,6847,15.0
46.2,228.71533896780926,124.6627,132.371504,130.528728,141.871515,98.8099518837209,98.9047044053156,0.7094116245839928,0.17813434947946943,6861,6861,6862,14.0
46.3,229.21039381405993,124.6627,132.371504,130.528728,141.871515,98.816896,98.903118,0.8079409999999996,0.17813434947946943,6876,6876,6877,15.0
46.4,229.7054486603106,124.6627,132.371504,130.528728,141.871515,98.8261901395348,98.8884646046511,0.8079409999999996,0.17813434947946943,6891,6891,6892,15.0
46.5,230.20050350656126,124.83862757475,132.641593700996,130.729336504983,142.181819451827,98.833548,98.876864,0.654592461793996,0.17934804140576296,6906,6906,6907,15.0
46.6,230.69555835281193,124.95689,132.823154,130.86419,142.390413,98.8176441661129,98.8773282524917,0.7402939999999916,0.18016391208955868,6921,6920,6921,15.0
46.7,231.1906131990626,124.95689,132.823154,130.86419,142.390413,98.798606,98.877884,0.7402939999999916,0.18016391208955868,6936,6935,6936,15.0
46.8,231.68566804531326,124.983576986754,132.867039033112,130.901496887417,142.444869556291,98.801957013245,98.8815241258278,0.7136070132449959,0.18034802069451422,6951,6950,6951,15.0
46.9,232.18072289156393,125.225538999999,133.26493,131.239746,142.938609,98.808064,98.888158,0.601114119602002,0.1820172720461712,6965,6965,6966,14.0
47.0,232.6757777378146,125.225538999999,133.26493,131.239746,142.938609,98.8087929435216,98.8854823455149,0.6869500000009907,0.1820172720461712,6980,6980,6981,15.0
47.1,233.17083258406527,125.225538999999,133.26493,131.239746,142.938609,98.810951,98.877561,0.6869500000009907,0.1820172720461712,6995,6995,6996,15.0
47.2,233.66588743031593,125.372111624584,133.517880232558,131.44518998671,143.229822089701,98.8093559667774,98.8752328106312,0.5724470764120042,0.1830284495794672,7010,7009,7010,15.0
47.3,234.1609422765666,125.470641,133.687919,131.583294,143.425582,98.800282,98.861988,0.763613999998995,0.18370818558796434,7025,7024,7025,15.0
47.4,234.65599712281727,125.470641,133.687919,131.583294,143.425582,98.8005071993355,98.8623761063122,0.763614000000004,0.18370818558796434,7040,7039,7040,15.0
47.5,235.15105196906794,125.493220036544,133.730669996677,131.614374,143.475306651162,98.804801,98.869776,0.7410349634560021,0.18386395420124674,7055,7054,7055,15.0
47.6,235.6461068153186,125.697184,134.116854,131.89513,143.924486,98.804801,98.869776,0.6917129501660071,0.18527106400795632,7069,7069,7070,14.0
47.7,236.14116166156927,125.697184,134.116854,131.89513,143.924486,98.8177623455149,98.8645513156146,0.7942380000000071,0.18527106400795632,7084,7084,7085,15.0
47.8,236.63621650781994,125.697183999999,134.116854,131.89513,143.924486,98.81849,98.864258,0.7942380000000071,0.18527106400794946,7099,7099,7100,15.0
47.9,237.1312713540706,125.826653119601,134.364501687707,132.087374249169,144.228107186046,98.8085017940199,98.8750417043189,0.6908494584720017,0.1861642476114214,7114,7113,7114,15.0
48.0,237.62632620032127,125.912489,134.528688,132.214829,144.429403,98.8067,98.876987,0.8321670000000125,0.18675641353637423,7129,7128,7129,15.0
48.1,238.12138104657194,125.912489,134.528688,132.214829,144.429403,98.7916622325581,98.8634710930232,0.8321670000000125,0.18675641353637423,7144,7143,7144,15.0
48.2,238.6164358928226,125.944558700996,134.570387900332,132.250264481727,144.478264129568,98.786493,98.858825,0.8000972990040083,0.18697765649520434,7158,7158,7159,14.0
48.3,239.11149073907328,126.234254999999,134.947077,132.570365,144.919643,98.805487013245,98.8583926754966,0.6489277086100032,0.18897621789000948,7173,7173,7174,15.0
48.4,239.60654558532394,126.234255,134.947077,132.570365,144.919643,98.816061,98.858152,0.7402639999999963,0.18897621789001645,7188,7188,7189,15.0
48.5,240.1016004315746,126.234255,134.947077,132.570365,144.919643,98.8066676511627,98.8551768438538,0.7402639999999963,0.18897621789001645,7203,7203,7204,15.0
48.6,240.59665527782528,126.388896950166,135.216615465116,132.769947867109,145.215780046511,98.798715,98.852658,0.6148523720929973,0.19004306421384862,7218,7217,7218,15.0
48.7,241.09171012407595,126.491422,135.395315,132.902268,145.412114,98.7977374983388,98.8534728039867,0.7669139999999999,0.19075036564401493,7233,7232,7233,15.0
48.8,241.5867649703266,126.491421999999,135.395315,132.902268,145.412114,98.796486,98.854516,0.7669140000009946,0.19075036564400807,7248,7247,7248,15.0
48.9,242.08181981657728,126.517502578073,135.437112372093,132.938684245847,145.462966873754,98.7946367840531,98.8525285249169,0.7408334219269932,0.1909302907472016,7262,7262,7263,14.0
49.0,242.57687466282795,126.744656,135.801154,133.255858,145.905879,98.791029,98.848651,0.6321547441859963,0.1924973803556073,7277,7277,7278,15.0
49.1,243.07192950907861,126.744656,135.801154,133.255858,145.905879,98.7931594717607,98.8475039136212,0.7096189999999893,0.1924973803556073,7292,7292,7293,15.0
49.2,243.56698435532928,126.744656,135.801154,133.255858,145.905879,98.800061,98.843788,0.7096189999999893,0.1924973803556073,7307,7307,7308,15.0
49.3,244.06203920157995,126.883182708609,136.063464814569,133.454710476821,146.202704125827,98.7996918642384,98.8455269701986,0.5960444242810041,0.19345305059691917,7322,7321,7322,15.0
49.4,244.55709404783062,126.974519,136.236417,133.585822,146.398413,98.797342,98.856597,0.7144619999999975,0.19408316284394114,7337,7336,7337,15.0
49.5,245.05214889408128,126.974519,136.236417,133.585822,146.398413,98.7971004385382,98.8561110863787,0.7144619999999975,0.19408316284394114,7352,7351,7352,15.0
49.6,245.54720374033195,127.003749322259,136.277908285714,133.620345392026,146.449574740863,98.790071,98.841971,0.685231677741001,0.19428481745197582,7366,7366,7367,14.0
49.7,246.04225858658262,127.258336,136.639284,133.921033,146.895177,98.790071,98.841971,0.5891860198670003,0.19604116403809355,7381,7381,7382,15.0
49.8,246.5373134328333,127.258336,136.639284,133.921033,146.895177,98.8105027807309,98.8505755747508,0.6922809999999942,0.19604116403809355,7396,7396,7397,15.0
49.9,247.03236827908395,127.258336,136.639284,133.921033,146.895177,98.811957,98.851188,0.6922809999999942,0.19604116403809355,7411,7410,7411,15.0
50.0,247.52742312533462,127.376810744186,136.887398976744,134.10037616279,147.180573558139,98.8000084950166,98.8473865049833,0.5958003554810034,0.19685849947111236,7426,7425,7426,15.0
50.1,248.0224779715853,127.454275,137.049628,134.217639,147.367179,98.797571,98.846611,0.7032240000000058,0.19739291110039434,7441,7440,7441,15.0
50.2,248.51753281783596,127.454275,137.049628,134.217639,147.367179,98.7945638476821,98.8421155695364,0.7032240000000058,0.19739291110039434,7456,7455,7456,15.0
50.3,249.01258766408662,127.47922713289,137.090605860465,134.250113684385,147.416483239202,98.793443,98.84044,0.6782718671099985,0.1975650512681619,7470,7470,7471,14.0
50.4,249.5076425103373,127.688981,137.435076,134.523104,147.830947,98.7829349767441,98.8473808837209,0.5926673887040153,0.19901210455348117,7485,7485,7486,15.0
50.5,250.00269735658796,127.688981,137.435076,134.523104,147.830947,98.776708,98.851494,0.6727200000000124,0.19901210455348117,7500,7500,7501,15.0
50.6,250.49775220283863,127.688981,137.435076,134.523104,147.830947,98.7836825714285,98.8355155282392,0.6727200000000124,0.19901210455348117,7515,7514,7515,15.0
50.7,250.9928070490893,127.847522019867,137.682328996688,134.711652172185,148.115961016556,98.789995,98.821054,0.5427630993380035,0.20010584984083793,7530,7529,7530,15.0
50.8,251.48786189533996,127.950617,137.843111,134.83426,148.301298,98.7824242890365,98.8299927375415,0.6726720000000057,0.20081708311513624,7545,7544,7545,15.0
50.9,251.98291674159063,127.950617,137.843111,134.83426,148.301298,98.772192,98.842074,0.6726720000000057,0.20081708311513624,7559,7559,7560,14.0
51.0,252.4779715878413,127.972611099667,137.883975850498,134.866349302325,148.34893675083,98.7752686079734,98.8369855282392,0.6506779003329939,0.20096881635666974,7574,7574,7575,15.0
51.1,252.97302643409196,128.157499,138.227496,135.1361,148.7494,98.781739,98.826284,0.6021219601319956,0.20224432391836036,7589,7589,7590,15.0
51.2,253.46808128034263,128.157499,138.227496,135.1361,148.7494,98.7823096092715,98.8249508774834,0.6900300000000072,0.20224432391836036,7604,7604,7605,15.0
51.3,253.9631361265933,128.157499,138.227496,135.1361,148.7494,98.784311,98.820275,0.6900300000000072,0.20224432391836036,7619,7618,7619,15.0
51.4,254.45819097284397,128.281648388704,138.467241199335,135.325259378737,149.031927681063,98.7838641694352,98.8238358903654,0.5931738039869856,0.20310080767844432,7634,7633,7634,15.0
51.5,254.95324581909463,128.361701,138.621831,135.447231,149.214104,98.780575,98.850048,0.7347749999999849,0.2036530758953326,7649,7648,7649,15.0
51.6,255.4483006653453,128.361701,138.621831,135.447231,149.214104,98.7809140863787,98.8495317375415,0.7347749999999849,0.2036530758953326,7663,7663,7664,14.0
51.7,255.94335551159597,128.390285119205,138.6634612649,135.477909745033,149.262189261589,98.800988,98.818969,0.7061908807949919,0.2038502724675505,7678,7678,7679,15.0
51.8,256.43841035784664,128.623289,139.002811,135.727988,149.654157,98.800988,98.818969,0.6223535382050045,0.20545772331383086,7693,7693,7694,15.0
51.9,256.93346520409733,128.623289,139.002811,135.727988,149.654157,98.7853623654485,98.8408160963455,0.7172040000000095,0.20545772331383086,7708,7708,7709,15.0
52.0,257.428520050348,128.623289,139.002811,135.727988,149.654157,98.783947,98.842795,0.7172040000000095,0.20545772331383086,7723,7722,7723,15.0
52.1,257.9235748965987,128.759620960132,139.2405760299,135.906312076411,149.928642408637,98.7738523488372,98.8473368604651,0.6036511395350033,0.20639825238974807,7738,7737,7738,15.0
52.2,258.4186297428494,128.847529,139.393889,136.021297,150.105633,98.771545,98.848375,0.7007370000000037,0.2070047137611147,7753,7752,7753,15.0
52.3,258.9136845891001,128.847529,139.393889,136.021297,150.105633,98.7807985714285,98.8406978571428,0.7007370000000037,0.2070047137611147,7767,7767,7768,14.0
52.4,259.4087394353508,128.874822192691,139.434985840531,136.057148923588,150.155118857142,98.7845,98.837627,0.6734438073090132,0.20719300446914557,7782,7782,7783,15.0
52.5,259.9037942816015,129.096476,139.768742,136.34831,150.557004,98.7771186046511,98.8337434385382,0.5574035548170002,0.2087221532495197,7797,7797,7798,15.0
52.6,260.3988491278522,129.096476,139.768742,136.34831,150.557004,98.772425,98.831274,0.6245600000000024,0.2087221532495197,7812,7811,7812,15.0
52.7,260.8939039741029,129.096476,139.768742,136.34831,150.557004,98.7881477880794,98.8278242980132,0.6245600000000024,0.2087221532495197,7827,7826,7827,15.0
52.8,261.3889588203536,129.245642538205,140.012976631229,136.548266039867,150.841725355481,98.803258,98.824509,0.496895016612001,0.20975122571499213,7842,7841,7842,15.0
52.9,261.8840136666043,129.340493,140.168278,136.675412,151.022771,98.7947170598006,98.8370092325581,0.5708949999999788,0.21040558157620035,7857,7856,7857,15.0
53.0,262.379068512855,129.340493,140.168278,136.675412,151.022771,98.782357,98.855099,0.5708949999999788,0.21040558157620035,7871,7871,7872,14.0
53.1,262.8741233591057,129.363272099667,140.20979682392,136.704281079734,151.07153392691,98.7798711661129,98.8503651262458,0.5481159003329878,0.21056273038810971,7886,7886,7887,15.0
53.2,263.3691782053564,129.548266,140.54698,136.938733,151.467548,98.774224,98.839611,0.5007232790689784,0.2118389692242716,7901,7901,7902,15.0
53.3,263.8642330516071,129.548266,140.54698,136.938733,151.467548,98.7774193687707,98.83750320598,0.5870029999999815,0.2118389692242716,7916,7915,7916,15.0
53.4,264.35928789785777,129.548266,140.54698,136.938733,151.467548,98.789737,98.829378,0.5870029999999815,0.2118389692242716,7931,7930,7931,15.0
53.5,264.85434274410846,129.653879554817,140.774249342192,137.106614355481,151.720626857142,98.7885015315614,98.830078641196,0.5024117242519992,0.2125675776813067,7946,7945,7946,15.0
53.6,265.34939759035916,129.721036,140.918763,137.213365,151.881552,98.777741,98.836181,0.6003420000000119,0.21303087762409853,7960,7960,7961,14.0
53.7,265.84445243660986,129.721036,140.918763,137.213365,151.881552,98.7777630596026,98.8361651688741,0.6003420000000119,0.21303087762409853,7975,7975,7976,15.0
53.8,266.33950728286055,129.742537554817,140.959745764119,137.245472521594,151.929839681063,98.784403,98.8314,0.5788404451830047,0.21317921288945557,7990,7990,7991,15.0
53.9,266.83456212911125,129.911388,141.281581,137.497611,152.30904,98.784403,98.8314,0.5685466777400165,0.21434408100271674,8005,8005,8006,15.0
54.0,267.32961697536194,129.911388,141.281581,137.497611,152.30904,98.7830579036544,98.8263761461794,0.6679660000000069,0.21434408100271674,8020,8019,8020,15.0
54.1,267.82467182161264,129.911388,141.281581,137.497611,152.30904,98.782909,98.82582,0.6679660000000069,0.21434408100271674,8035,8034,8035,15.0
54.2,268.31972666786334,130.048989279069,141.501646797342,137.672259604651,152.560710681063,98.7791803056478,98.8423777408638,0.5517790232560174,0.21529336687612816,8050,8049,8050,15.0
54.3,268.81478151411403,130.135269,141.639634,137.781769,152.718515,98.778252,98.8465,0.6282480000000135,0.2158885947751407,8064,8064,8065,14.0
54.4,269.3098363603647,130.135269,141.639634,137.781769,152.718515,98.7790089767442,98.8304353488372,0.6282480000000135,0.2158885947751407,8079,8079,8080,15.0
54.5,269.8048912066154,130.156291279069,141.678990186046,137.812430674418,152.76809513289,98.779337,98.823474,0.6072257209310123,0.2160336236054113,8094,8094,8095,15.0
54.6,270.2999460528661,130.321378,141.988052,138.053215,153.157445,98.7707256092715,98.8336183708609,0.5753396357609972,0.21717252647846555,8109,8108,8109,15.0
54.7,270.7950008991168,130.321378,141.988052,138.053215,153.157445,98.764889,98.840494,0.658411000000001,0.21717252647846555,8124,8123,8124,15.0
54.8,271.2900557453675,130.321378,141.988052,138.053215,153.157445,98.7706267375415,98.8310589833887,0.658411000000001,0.21717252647846555,8139,8138,8139,15.0
54.9,271.7851105916182,130.47993467774,142.233336186046,138.239297342192,153.427396877076,98.77648,98.821434,0.5231236245849971,0.21826637978660335,8154,8153,8154,15.0
55.0,272.2801654378689,130.579354,142.387136,138.355976,153.596664,98.7781453289036,98.8189340465116,0.6005509999999958,0.21895225537441834,8168,8168,8169,14.0
55.1,272.7752202841196,130.579354,142.387136,138.355976,153.596664,98.780728,98.815057,0.6005509999999958,0.21895225537441834,8183,8183,8184,15.0
55.2,273.2702751303703,130.600768302325,142.428783674418,138.38923344186,153.645460860465,98.7788884784053,98.8185939568106,0.5791366976749828,0.219099988700908,8198,8198,8199,15.0
55.3,273.765329976621,130.763517,142.745306,138.64199,154.016317,98.774436,98.827155,0.5840147840529823,0.22022276198226326,8213,8212,8213,15.0
55.4,274.2603848228717,130.763517,142.745306,138.64199,154.016317,98.7742852624584,98.828087641196,0.6876550000000066,0.22022276198226326,8228,8227,8228,15.0
55.5,274.7554396691224,130.763517,142.745306,138.64199,154.016317,98.77364,98.83208,0.6876550000000066,0.22022276198226326,8243,8242,8243,15.0
55.6,275.2504945153731,130.896717635761,142.966150821192,138.808695887417,154.267309218543,98.7736492086092,98.8307373311258,0.5843187483440033,0.22114168862824252,8258,8257,8258,15.0
55.7,275.7455493616238,130.979789,143.103882,138.912663,154.423842,98.773743,98.817062,0.7219120000000032,0.22171478266552655,8272,8272,8273,14.0
55.8,276.24060420787447,130.979789,143.103882,138.912663,154.423842,98.773743,98.817062,0.7219120000000032,0.22171478266552655,8287,8287,8288,15.0
55.9,276.73565905412516,131.003058302325,143.143271069767,138.945904860465,154.470664558139,98.7566423122923,98.8302059767441,0.6986426976750124,0.2218753132952613,8302,8302,8303,15.0
56.0,277.23071390037586,131.179905,143.442628,139.198543,154.826516,98.756412,98.830383,0.6178498604650144,0.22309534608128026,8317,8316,8317,15.0
56.1,277.72576874662656,131.179905,143.442628,139.198543,154.826516,98.7644166953642,98.8224897019867,0.6772380000000169,0.22309534608128026,8332,8331,8332,15.0
56.2,278.22082359287725,131.179905,143.442628,139.198543,154.826516,98.765466,98.821455,0.6772380000000169,0.22309534608128026,8347,8346,8347,15.0
56.3,278.71587843912795,131.347531784053,143.673594890365,139.385323458471,155.106907601328,98.7622772558139,98.8173057906976,0.5293668438530119,0.22425177238184613,8361,8361,8362,14.0
56.4,279.21093328537864,131.451172,143.816397,139.500806,155.280268,98.761399,98.816163,0.5711499999999887,0.22496676713757424,8376,8376,8377,15.0
56.5,279.70598813162934,131.451172,143.816397,139.500806,155.280268,98.7507519401993,98.8294519036544,0.5711499999999887,0.22496676713757424,8391,8391,8392,15.0
56.6,280.20104297788004,131.481036384105,143.862528377483,139.534756860927,155.328523735099,98.745766,98.835675,0.5412856158949921,0.22517279602146847,8406,8406,8407,15.0
56.7,280.69609782413073,131.701701,144.203388,139.785616,155.68508,98.761354372093,98.8317796511627,0.42032865448499024,0.22669512055252053,8421,8420,8421,15.0
56.8,281.1911526703814,131.701701,144.203388,139.785616,155.68508,98.772578,98.828975,0.48111299999999346,0.22669512055252053,8436,8435,8436,15.0
56.9,281.6862075166321,131.701701,144.203388,139.785616,155.68508,98.7696157142857,98.8346153986711,0.48111299999999346,0.22669512055252053,8451,8450,8451,15.0
57.0,282.1812623628828,131.797754860465,144.407386744186,139.93131641196,155.921571893687,98.766386,98.840765,0.39991099335500735,0.22735777843944557,8465,8465,8466,14.0
57.1,282.6763172091335,131.857143,144.533515,140.0214,156.06779,98.7642271721854,98.8436969139072,0.4498490000000004,0.2277674862727608,8480,8480,8481,15.0
57.2,283.1713720553842,131.857143,144.533515,140.0214,156.06779,98.760667,98.848532,0.4498490000000004,0.2277674862727608,8495,8495,8496,15.0
57.3,283.6664269016349,131.876898627906,144.57243733887,140.047201833887,156.113094624584,98.7660198106312,98.8431791893687,0.43009337209400655,0.2279037767100185,8510,8509,8510,15.0
57.4,284.1614817478856,132.022322,144.858949,140.237132,156.446587,98.780079,98.82912,0.4170566810630021,0.22890702576211094,8525,8524,8525,15.0
57.5,284.6565365941363,132.022322,144.858949,140.237132,156.446587,98.7752428272425,98.8280965847176,0.49776299999999196,0.22890702576211094,8540,8539,8540,15.0
57.6,285.151591440387,132.022322,144.858949,140.237132,156.446587,98.752085,98.823196,0.49776299999999196,0.22890702576211094,8555,8554,8555,15.0
57.7,285.6466462866377,132.122029654485,145.052026189368,140.382847245847,156.676903903654,98.7536965548172,98.8239411495016,0.42453357807298175,0.22959489050082557,8569,8569,8570,14.0
57.8,286.1417011328884,132.182814,145.169731,140.471679,156.817311,98.774134,98.833391,0.5526749999999936,0.2300142305019677,8584,8584,8585,15.0
57.9,286.6367559791391,132.182814,145.169731,140.471679,156.817311,98.774134,98.833391,0.5526749999999936,0.2300142305019677,8599,8599,8600,15.0
58.0,287.1318108253898,132.19766585382,145.208017777408,140.496352156146,156.858960249169,98.7554392093023,98.8222309734219,0.5378231461799885,0.2301166907052499,8614,8613,8614,15.0
58.1,287.6268656716405,132.306992,145.489851,140.677974,157.165545,98.754863,98.821887,0.5377693455139934,0.23087091164611148,8629,8628,8629,15.0
58.2,288.12192051789117,132.306992,145.489851,140.677974,157.165545,98.7542589202657,98.8422699036544,0.6034489999999835,0.23087091164611148,8644,8643,8644,15.0
58.3,288.61697536414187,132.306992,145.489851,140.677974,157.165545,98.754169,98.845304,0.6034489999999835,0.23087091164611148,8659,8658,8659,15.0
58.4,289.11203021039256,132.439378681063,145.689513571428,140.848787006644,157.424994142857,98.7513939302325,98.835942744186,0.49869209966698236,0.23178422296858767,8673,8673,8674,14.0
58.5,289.60708505664326,132.520085,145.811233,140.952919,157.583161,98.750553,98.833106,0.6151279999999986,0.23234100099405575,8688,8688,8689,15.0
58.6,290.10213990289395,132.520085,145.811233,140.952919,157.583161,98.7526284418604,98.8338171794019,0.6151279999999986,0.23234100099405575,8703,8703,8704,15.0
58.7,290.59719474914465,132.546563232558,145.854483295681,140.98590554485,157.630911897009,98.753661,98.834171,0.588649767442007,0.2325236694422727,8718,8717,8718,15.0
58.8,291.09224959539534,132.735489,146.16308,141.221269,157.971621,98.7605722624584,98.835542295681,0.537243189368013,0.2338270335052345,8733,8732,8733,15.0
58.9,291.58730444164604,132.735489,146.16308,141.221269,157.971621,98.765898,98.836599,0.6199009999999987,0.2338270335052345,8748,8747,8748,15.0
59.0,292.08235928789674,132.735489,146.16308,141.221269,157.971621,98.7512819072847,98.8378979403973,0.6199009999999987,0.2338270335052345,8762,8762,8763,14.0
59.1,292.57741413414743,132.844761345514,146.365592225913,141.391721292358,158.212510833887,98.734369,98.839401,0.5344868471769928,0.23458088328521334,8777,8777,8778,15.0
59.2,293.0724689803981,132.910441,146.487315,141.494174,158.357301,98.7452020066445,98.8388375315614,0.6339310000000182,0.2350339951210621,8792,8792,8793,15.0
59.3,293.5675238266488,132.910441,146.487315,141.494174,158.357301,98.764284,98.837845,0.6339310000000182,0.2350339951210621,8807,8807,8808,15.0
59.4,294.0625786728995,132.93807078073,146.529186093023,141.527297727574,158.405487415282,98.762765461794,98.8400331461794,0.6063012192700228,0.23522460788796296,8822,8821,8822,15.0
59.5,294.5576335191502,133.135213,146.827942,141.76364,158.749304,98.758424,98.846289,0.5270824834429959,0.2365846557383332,8837,8836,8837,15.0
59.6,295.0526883654009,133.135213,146.827942,141.76364,158.749304,98.7602259933554,98.8462660365448,0.5975870000000043,0.2365846557383332,8852,8851,8852,15.0
59.7,295.5477432116516,133.135213,146.827942,141.76364,158.749304,98.769724,98.846145,0.5975870000000043,0.2365846557383332,8866,8866,8867,14.0
59.8,296.0427980579023,133.272732189368,147.024240857142,141.924772863787,158.983310285714,98.7695381860465,98.8463515415282,0.4870576578079806,0.23753337529002128,8881,8881,8882,15.0
59.9,296.537852904153,133.35539,147.142229,142.021624,159.123963,98.766434,98.849802,0.5911979999999915,0.23810361629716129,8896,8896,8897,15.0
60.0,297.0329077504037,133.35539,147.142229,142.021624,159.123963,98.766434,98.849802,0.5911979999999915,0.23810361629716129,8911,8910,8911,15.0
60.1,297.5279625966544,133.379248192691,147.184097930232,142.052963395348,159.172513870431,98.7513604053156,98.8460694817275,0.567339807308997,0.23826820957303724,8926,8925,8926,15.0
60.2,298.0230174429051,133.544372,147.473875,142.269865,159.508537,98.75068,98.845901,0.4905656511620009,0.2394073682981807,8941,8940,8941,15.0
60.3,298.5180722891558,133.544372,147.473875,142.269865,159.508537,98.739163667774,98.8322936611295,0.5429209999999784,0.2394073682981807,8956,8955,8956,15.0
60.4,299.0131271354065,133.544372,147.473875,142.269865,159.508537,98.737192,98.829964,0.5429209999999784,0.2394073682981807,8970,8970,8971,14.0
60.5,299.5081819816572,133.662295483443,147.678883675496,142.438069367549,159.745741387417,98.7315094834437,98.8344190629139,0.4466899105960067,0.24022090068489457,8985,8985,8986,15.0
60.6,300.00323682790787,133.7328,147.801455,142.538636,159.887562,98.729632,98.835891,0.5224699999999984,0.24070729835526586,9000,9000,9001,15.0
60.7,300.49829167415857,133.7328,147.801455,142.538636,159.887562,98.7434177674418,98.8467471860465,0.5224699999999984,0.24070729835526586,9015,9014,9015,15.0
60.8,300.99334652040926,133.759789847176,147.84497926578,142.5699130299,159.935458916943,98.750803,98.852563,0.49548015282400115,0.24089349633847543,9030,9029,9030,15.0
60.9,301.48840136665996,133.946588,148.146213,142.786383,160.266956,98.7485061561461,98.848474179402,0.4527759767440216,0.24218218238016728,9045,9044,9045,15.0
61.0,301.98345621291065,133.946588,148.146213,142.786383,160.266956,98.746613,98.845104,0.5381650000000207,0.24218218238016728,9060,9059,9060,15.0
61.1,302.47851105916135,133.946588,148.146213,142.786383,160.266956,98.7490250598006,98.8429341328903,0.5381650000000207,0.24218218238016728,9074,9074,9075,14.0
61.2,302.97356590541204,134.034937651162,148.344862674418,142.941859046511,160.476297046511,98.751991,98.840266,0.47983861129600314,0.24279169034649128,9089,9089,9090,15.0
61.3,303.46862075166274,134.087293,148.462581,143.033993,160.600351,98.7503180166112,98.8419814817275,0.6291780000000244,0.24315288025246953,9104,9104,9105,15.0
61.4,303.96367559791344,134.087293,148.462581,143.033993,160.600351,98.747149,98.845231,0.6291780000000244,0.24315288025246953,9119,9118,9119,15.0
61.5,304.45873044416413,134.108985394039,148.500192367549,143.061569486754,160.64790865894,98.744404629139,98.8478942649006,0.607485605961017,0.24330253208246,9134,9133,9134,15.0
61.6,304.9537852904148,134.25527,148.753828,143.247534,160.968618,98.735949,98.8561,0.5332469800659965,0.244311722628332,9149,9148,9149,15.0
61.7,305.4488401366655,134.25527,148.753828,143.247534,160.968618,98.7372741428571,98.8543894285714,0.5753369999999904,0.244311722628332,9163,9163,9164,14.0
61.8,305.9438949829162,134.25527,148.753828,143.247534,160.968618,98.745225,98.844126,0.5753369999999904,0.244311722628332,9178,9178,9179,15.0
61.9,306.4389498291669,134.399363976744,148.957102837209,143.410136790697,161.195668534883,98.7453938372093,98.8443599401993,0.4535950762359846,0.24530580042682523,9193,9193,9194,15.0
62.0,306.9340046754176,134.484753,149.077562,143.506494,161.330217,98.74946,98.849994,0.5146119999999996,0.24589488356667505,9208,9208,9209,15.0
62.1,307.4290595216683,134.484753,149.077562,143.506494,161.330217,98.74946,98.849994,0.5146119999999996,0.24589488356667505,9223,9222,9223,15.0
62.2,307.924114367919,134.514776262458,149.117516269103,143.538692710963,161.379375916943,98.7463855481727,98.8453832624584,0.4845887375419977,0.24610200852305583,9238,9237,9238,15.0
62.3,308.4191692141697,134.716471,149.385927,143.755002,161.709623,98.74619,98.84509,0.3958404784049776,0.24749346335825417,9253,9252,9253,15.0
62.4,308.9142240604204,134.716471,149.385927,143.755002,161.709623,98.725850307947,98.8538528476821,0.46182499999997617,0.24749346335825417,9267,9267,9268,14.0
62.5,309.4092789066711,134.716471,149.385927,143.755002,161.709623,98.721911,98.85555,0.46182499999997617,0.24749346335825417,9282,9282,9283,15.0
62.6,309.9043337529218,134.788516980066,149.587676700996,143.893657813953,161.928415259136,98.7356587740863,98.8382517009966,0.4038454651160066,0.24799049530138328,9297,9297,9298,15.0
62.7,310.3993885991725,134.830607,149.705541,143.974662,162.056236,98.740551,98.832096,0.45353900000000635,0.2482808665944794,9312,9311,9312,15.0
62.8,310.8944434454232,134.830607,149.705541,143.974662,162.056236,98.7383973322259,98.8421307973422,0.45353900000000635,0.2482808665944794,9327,9326,9327,15.0
62.9,311.3894982916739,134.85295905298,149.744582059602,144.005267033112,162.10088407947,98.737157,98.84791,0.43118694701999516,0.24843506928997197,9342,9341,9342,15.0
63.0,311.88455313792457,134.999365,150.000301,144.20573,162.393329,98.7387204651162,98.8490359302325,0.3896133488369742,0.24944509694545494,9357,9356,9357,15.0
63.1,312.37960798417527,134.999365,150.000301,144.20573,162.393329,98.74008,98.850015,0.4499879999999937,0.24944509694545494,9371,9371,9372,14.0
63.2,312.87466283042596,134.999365,150.000301,144.20573,162.393329,98.7456678405315,98.8455418770764,0.4499879999999905,0.24944509694545494,9386,9386,9387,15.0
63.3,313.36971767667666,135.112311478405,150.188055086378,144.333744551495,162.599493518272,98.753018,98.839658,0.3588521528239994,0.25022429389134704,9401,9401,9402,15.0
63.4,313.86477252292735,135.178296,150.297743,144.408532,162.719937,98.7479627019867,98.8409632980132,0.4351819999999944,0.25067950894921387,9416,9415,9416,15.0
63.5,314.35982736917805,135.178296,150.297743,144.408532,162.719937,98.737751,98.8436,0.4351819999999975,0.25067950894921387,9431,9430,9431,15.0
63.6,314.85488221542874,135.192362445182,150.335665259136,144.437484425249,162.766280787375,98.739288026578,98.8425136511627,0.42111555481799046,0.2507765507630018,9446,9445,9446,15.0
63.7,315.34993706167944,135.284146,150.583108,144.626399,163.068674,98.744456,98.838861,0.4512566279060195,0.2514097485980053,9460,9460,9461,14.0
63.8,315.84499190793014,135.284146,150.583108,144.626399,163.068674,98.7436412093023,98.8406257906976,0.5214750000000095,0.2514097485980053,9475,9475,9476,15.0
63.9,316.34004675418083,135.284146,150.583108,144.626399,163.068674,98.738002,98.85284,0.5214750000000058,0.2514097485980053,9490,9490,9491,15.0
64.0,316.8351016004315,135.38897834883699,150.759604691029,144.770495491694,163.270002594684,98.7378053754152,98.8529909634551,0.447825262458025,0.25213296765890947,9505,9505,9506,15.0
64.1,317.3301564466822,135.449353,150.861252,144.853483,163.385951,98.730604,98.85852,0.5851940000000013,0.25254948125419696,9520,9519,9520,15.0
64.2,317.8252112929329,135.449353,150.861252,144.853483,163.385951,98.730604,98.85852,0.5851940000000013,0.25254948125419696,9535,9534,9535,15.0
64.3,318.3202661391836,135.471163631229,150.900839641196,144.882345192691,163.43109292691,98.7367550963455,98.8582540066445,0.5633833687710137,0.2526999487807778,9550,9549,9550,15.0
64.4,318.8153209854343,135.613478,151.159149,145.070671,163.725644,98.737264,98.858232,0.5162024569530104,0.2536817493917301,9564,9564,9565,14.0
64.5,319.310375831685,135.613478,151.159149,145.070671,163.725644,98.7248911893687,98.859329461794,0.5707060000000013,0.2536817493917301,9579,9579,9580,15.0
64.6,319.8054306779357,135.613478,151.159149,145.070671,163.725644,98.722247,98.859564,0.5707060000000013,0.2536817493917301,9594,9594,9595,15.0
64.7,320.3004855241864,135.735402627906,151.346532691029,145.21947713289,163.955677166112,98.7378169302325,98.8524469767441,0.4711258272429859,0.2545228849369462,9609,9609,9610,15.0
64.8,320.7955403704371,135.805621,151.45445,145.305177,164.088157,98.743844,98.849692,0.5426040000000114,0.2550073085493847,9624,9623,9624,15.0
64.9,321.2905952166878,135.805621,151.45445,145.305177,164.088157,98.7422000099337,98.8546270662251,0.5426040000000114,0.2550073085493847,9639,9638,9639,15.0
65.0,321.7856500629385,135.836803611295,151.497559388704,145.338315624584,164.133910548172,98.741189,98.857662,0.5114213887050028,0.2552224316398001,9654,9653,9654,15.0
65.1,322.2807049091892,136.034547,151.770936,145.548463,164.424055,98.7375470996677,98.8508436079734,0.42597822591298495,0.25658662684734623,9668,9668,9669,14.0
65.2,322.7757597554399,136.034547,151.770936,145.548463,164.424055,98.734162,98.844506,0.4897320000000036,0.25658662684734623,9683,9683,9684,15.0
65.3,323.2708146016906,136.034547,151.770936,145.548463,164.424055,98.7362998737541,98.8444374784053,0.4897320000000036,0.25658662684734623,9698,9698,9699,15.0
65.4,323.76586944794127,136.129680456953,151.953096953642,145.694411609271,164.628810284768,98.73931,98.844341,0.415685741722001,0.25724293504001194,9713,9712,9713,15.0
65.5,324.26092429419197,136.184184,152.05746,145.778028,164.746118,98.740316179402,98.8440572624584,0.49172200000001,0.25761894494206694,9728,9727,9728,15.0
65.6,324.75597914044266,136.184184,152.05746,145.778028,164.746118,98.742498,98.843442,0.49172200000001,0.25761894494206694,9743,9742,9743,15.0
65.7,325.25103398669336,136.206528455149,152.099483774086,145.80873182392,164.793441807308,98.7399951960132,98.8471956744186,0.4693775448509996,0.25777309522152325,9758,9757,9758,15.0
65.8,325.74608883294405,136.348225,152.365976,146.003439,165.093544,98.730727,98.861096,0.43148176821100037,0.2587506335790761,9772,9772,9773,14.0
65.9,326.24114367919475,136.348225,152.365976,146.003439,165.093544,98.7302649602649,98.8595297483443,0.4901049999999998,0.2587506335790761,9787,9787,9788,15.0
66.0,326.73619852544545,136.348225,152.365976,146.003439,165.093544,98.726623,98.847184,0.4901049999999998,0.2587506335790761,9802,9802,9803,15.0
66.1,327.23125337169614,136.460525225913,152.535181581395,146.127238176079,165.29987447176,98.7268112026578,98.8472866478405,0.4035627740870211,0.25952537214808774,9817,9816,9817,15.0
66.2,327.72630821794684,136.524279,152.631241,146.19752,165.41701,98.745506,98.857483,0.4986499999999978,0.25996519768987736,9832,9831,9832,15.0
66.3,328.22136306419753,136.524279,152.631241,146.19752,165.41701,98.745506,98.857483,0.4986499999999978,0.25996519768987736,9847,9846,9847,15.0
66.4,328.71641791044823,136.545366198675,152.672594033112,146.226998019867,165.460056801324,98.7397039139072,98.851681821192,0.47756280132500706,0.2601106743885493,9861,9861,9862,14.0
66.5,329.2114727566989,136.675906,152.928589,146.409481,165.726537,98.739111,98.851089,0.4219993322249991,0.26101124442797174,9876,9876,9877,15.0
66.6,329.7065276029496,136.675906,152.928589,146.409481,165.726537,98.7465640764119,98.8367673388704,0.46395499999999856,0.26101124442797174,9891,9891,9892,15.0
66.7,330.2015824492003,136.675906,152.928589,146.409481,165.726537,98.748343,98.833349,0.46395499999999856,0.26101124442797174,9906,9906,9907,15.0
66.8,330.696637295451,136.779706768211,153.093868576158,146.557589966887,165.929039374172,98.7391910529801,98.836015731788,0.38125541390797935,0.2617273468041899,9921,9920,9921,15.0
66.9,331.1916921417017,136.83833,153.187213,146.641237,166.043406,98.735367,98.83713,0.4497299999999882,0.26213177767988777,9936,9935,9936,15.0
67.0,331.6867469879524,136.83833,153.187213,146.641237,166.043406,98.7423634186046,98.8428893023255,0.4497299999999882,0.26213177767988777,9951,9950,9951,15.0
67.1,332.1818018342031,136.864088,153.229173790697,146.673056674418,166.088094837209,98.746938,98.846655,0.423971999999992,0.2623094773763787,9965,9965,9966,14.0
67.2,332.6768566804538,137.022929,153.487932,146.869278,166.363676,98.7469776312292,98.8632996146179,0.36592060132798565,0.26340529217140635,9980,9980,9981,15.0
67.3,333.1719115267045,137.022929,153.487932,146.869278,166.363676,98.747017,98.879834,0.4223209999999824,0.26340529217140635,9995,9995,9996,15.0
67.4,333.6669663729552,137.022929,153.487932,146.869278,166.363676,98.744578910299,98.8673758239202,0.4223209999999824,0.26340529217140635,10010,10010,10011,15.0
67.5,334.1620212192059,137.097905332225,153.660557355481,146.994427279069,166.58353185382,98.740952,98.848843,0.3641449534890171,0.26392254007420884,10025,10024,10025,15.0
67.6,334.6570760654566,137.139861,153.757156,147.064459,166.70656,98.7385991428571,98.849545358804,0.4229909999999961,0.26421198449651234,10040,10039,10040,15.0
67.7,335.1521309117073,137.139861,153.757156,147.064459,166.70656,98.733083,98.851192,0.4229909999999961,0.26421198449651234,10055,10054,10055,15.0
67.8,335.64718575795797,137.160962182119,153.796873903973,147.095227350993,166.747407864238,98.7343823377483,98.8532216688741,0.4018898178809991,0.26435755766438823,10069,10069,10070,14.0
67.9,336.14224060420867,137.28806,154.036105,147.280553,166.993445,98.739623,98.861408,0.31157723588000863,0.2652343820941623,10084,10084,10085,15.0
68.0,336.63729545045936,137.28806,154.036105,147.280553,166.993445,98.7388039667774,98.8592111295681,0.3318659999999909,0.2652343820941623,10099,10099,10100,15.0
68.1,337.13235029671006,137.28806,154.036105,147.280553,166.993445,98.731122,98.838606,0.3318659999999909,0.2652343820941623,10114,10113,10114,15.0
68.2,337.62740514296075,137.388849601328,154.201170654485,147.392262169435,167.190301152823,98.731122,98.838606,0.2540079701000195,0.2659297109848149,10129,10128,10129,15.0
68.3,338.12245998921145,137.44525,154.293539,147.454773,167.300459,98.7547286225165,98.8674854701986,0.33519700000002217,0.2663188069443608,10144,10143,10144,15.0
68.4,338.61751483546215,137.44525,154.293539,147.454773,167.300459,98.754886,98.867678,0.33519700000002217,0.2663188069443608,10159,10158,10159,15.0
68.5,339.11256968171284,137.462050285714,154.328878142857,147.479252857142,167.342633571428,98.7316751428571,98.8536015249169,0.3183967142859956,0.2664347090203117,10173,10173,10174,14.0
68.6,339.60762452796354,137.562852,154.540913,147.626132,167.595681,98.728914,98.851927,0.33287676079700645,0.2671301214760299,10188,10188,10189,15.0
68.7,340.10267937421423,137.562852,154.540913,147.626132,167.595681,98.7301277209302,98.8502325348837,0.3964600000000189,0.2671301214760299,10203,10203,10204,15.0
68.8,340.59773422046493,137.562852,154.540913,147.626132,167.595681,98.730449,98.849784,0.3964600000000189,0.2671301214760299,10218,10217,10218,15.0
68.9,341.0927890667156,137.59963723588,154.70720451495,147.722388870431,167.764161299003,98.7398808671096,98.8597783654485,0.3846467375409759,0.26738389604126117,10233,10232,10233,15.0
69.0,341.5878439129663,137.619926,154.798922,147.775479,167.857086,98.744098,98.864247,0.5102170000000115,0.26752386448703713,10248,10247,10248,15.0
69.1,342.082898759217,137.619926,154.798922,147.775479,167.857086,98.7439645149501,98.8595485614617,0.5102170000000115,0.26752386448703713,10262,10262,10263,14.0
69.2,342.5779536054677,137.642857571428,154.833926142857,147.802464285714,167.897544,98.743871,98.856257,0.48728542857199386,0.2676820651735353,10277,10277,10278,15.0
69.3,343.0730084517184,137.780447,155.043951,147.964376,168.140292,98.7387201589404,98.8610525099337,0.4432798576149821,0.26863126929255116,10292,10292,10293,15.0
69.4,343.5680632979691,137.780447,155.043951,147.964376,168.140292,98.733289,98.866109,0.49463099999999827,0.26863126929255116,10307,10307,10308,15.0
69.5,344.0631181442198,137.780447,155.043951,147.964376,168.140292,98.7324777707641,98.8605729867109,0.49463099999999827,0.26863126929255116,10322,10321,10322,15.0
69.6,344.5581729904705,137.895728760797,155.205137930232,148.104658624584,168.336799820597,98.731184,98.851744,0.4007940498339906,0.26942657692142646,10337,10336,10337,15.0
69.7,345.0532278367212,137.959312,155.29404,148.182031,168.445183,98.7369083687707,98.8531977541528,0.4624680000000012,0.2698652259744697,10352,10351,10352,15.0
69.8,345.5482826829719,137.959312,155.29404,148.182031,168.445183,98.751455,98.856892,0.4624680000000012,0.2698652259744697,10366,10366,10367,14.0
69.9,346.0433375292226,137.984283973421,155.332699920265,148.209067026578,168.489263106312,98.7501112458472,98.8571165681063,0.4374960265790264,0.2700375030184051,10381,10381,10382,15.0
70.0,346.5383923754733,138.130143,155.558509,148.366982,168.746731,98.744101,98.858121,0.4042148405309831,0.2710437575705272,10396,10396,10397,15.0
70.1,347.033447221724,138.130143,155.558509,148.366982,168.746731,98.7447576910299,98.8573439900332,0.4654109999999889,0.2710437575705272,10411,10411,10412,15.0
70.2,347.52850206797467,138.130143,155.558509,148.366982,168.746731,98.752337,98.848376,0.4654109999999889,0.2710437575705272,10426,10425,10426,15.0
70.3,348.02355691422537,138.223726857615,155.727513950331,148.506539367549,168.939932092715,98.752337,98.848376,0.3922939197930191,0.2716893753628495,10441,10440,10441,15.0
70.4,348.51861176047606,138.275078,155.82025,148.583117,169.045945,98.7442249900332,98.8490757674418,0.45737599999998224,0.27204363743351806,10456,10455,10456,15.0
70.5,349.01366660672676,138.275078,155.82025,148.583117,169.045945,98.74406,98.84909,0.45737599999998224,0.27204363743351806,10470,10470,10471,14.0
70.6,349.50872145297745,138.296522810631,155.859361906976,148.610954528239,169.089595192691,98.7494364784053,98.8591255083056,0.43593118936900055,0.2721915812311899,10485,10485,10486,15.0
70.7,350.00377629922815,138.42178,156.087811,148.773551,169.344552,98.75019,98.860532,0.40551333774797627,0.27305570750396685,10500,10500,10501,15.0
70.8,350.49883114547885,138.42178,156.087811,148.773551,169.344552,98.7512239534883,98.8666478737541,0.4568039999999769,0.27305570750396685,10515,10514,10515,15.0
70.9,350.99388599172954,138.42178,156.087811,148.773551,169.344552,98.75152,98.868399,0.4568039999999769,0.27305570750396685,10530,10529,10530,15.0
71.0,351.48894083798024,138.534357840531,156.261151099667,148.913967843853,169.522606435215,98.7582716046511,98.861094372093,0.3658007441860036,0.273832361285082,10545,10544,10545,15.0
71.1,351.98399568423093,138.595554,156.355377,148.990297,169.619395,98.761531,98.857568,0.42734000000001515,0.27425454231482244,10560,10559,10560,15.0
71.2,352.47905053048163,138.595554,156.355377,148.990297,169.619395,98.7478118708609,98.8490010629139,0.42734000000001515,0.27425454231482244,10574,10574,10575,14.0
71.3,352.9741053767323,138.616020777408,156.392462830564,149.018340073089,169.662939451827,98.737582,98.842613,0.4068732225919973,0.27439573884147644,10589,10589,10590,15.0
71.4,353.469160222983,138.732454,156.60344,149.177874,169.910659,98.7459024451827,98.8486185149501,0.37486455813902353,0.27519899019313654,10604,10604,10605,15.0
71.5,353.9642150692337,138.732454,156.60344,149.177874,169.910659,98.755219,98.855343,0.420092000000011,0.27519899019313654,10619,10618,10619,15.0
71.6,354.4592699154844,138.732454,156.60344,149.177874,169.910659,98.7451128372092,98.8529242325581,0.420092000000011,0.27519899019313654,10634,10633,10634,15.0
71.7,354.9543247617351,138.827293337748,156.75924831788,149.296620794702,170.101071701986,98.727814,98.848784,0.34642134437100935,0.2758532693115939,10649,10648,10649,15.0
71.8,355.4493796079858,138.878584,156.843512,149.360841,170.20405,98.7312402192691,98.8522096810631,0.4129390000000228,0.2762071141409673,10663,10663,10664,14.0
71.9,355.9444344542365,138.878584,156.843512,149.360841,170.20405,98.740546,98.861514,0.4129390000000228,0.2762071141409673,10678,10678,10679,15.0
72.0,356.4394893004872,138.900158584717,156.880820737541,149.394633757475,170.24913641196,98.7386757342192,98.8614090166113,0.39136441528302157,0.27635595322614975,10693,10693,10694,15.0
72.1,356.9345441467379,139.022894,157.093066,149.586877,170.505628,98.729287,98.860882,0.3410037906969876,0.2772026822441048,10708,10708,10709,15.0
72.2,357.4295989929886,139.022894,157.093066,149.586877,170.505628,98.7299473311258,98.8603243841059,0.37977599999999256,0.2772026822441048,10723,10722,10723,15.0
72.3,357.9246538392393,139.022894,157.093066,149.586877,170.505628,98.739258,98.852462,0.37977599999999256,0.2772026822441048,10738,10737,10738,15.0
72.4,358.41970868549,139.107318558139,157.26141372093,149.684762395348,170.689396558139,98.739258,98.852462,0.32758506312299573,0.2777851117168001,10753,10752,10753,15.0
72.5,358.9147635317407,139.152546,157.3516,149.737201,170.787844,98.71212710299,98.8517143588039,0.4610439999999869,0.2780971275057496,10767,10767,10768,14.0
72.6,359.40981837799137,139.152546,157.3516,149.737201,170.787844,98.711098,98.851686,0.4610439999999869,0.2780971275057496,10782,10782,10783,15.0
72.7,359.90487322424207,139.173714682119,157.391210721854,149.76555131788,170.830830543046,98.7390703841059,98.8627661324503,0.43987531788098977,0.2782431663436896,10797,10797,10798,15.0
72.8,360.39992807049276,139.291523,157.611653,149.923327,171.07006,98.743589,98.864556,0.4313090631220007,0.27905590422440896,10812,10811,10812,15.0
72.9,360.89498291674346,139.291523,157.611653,149.923327,171.07006,98.7337168936877,98.8581059601328,0.48897999999999797,0.27905590422440896,10827,10826,10827,15.0
73.0,361.39003776299415,139.291523,157.611653,149.923327,171.07006,98.730613,98.856078,0.48897999999999797,0.27905590422440896,10842,10841,10842,15.0
73.1,361.88509260924485,139.363897790697,157.749034674418,150.061040767441,171.240225767441,98.7201143953488,98.8654728039867,0.4410487840530095,0.2795552045715031,10857,10856,10857,15.0
73.2,362.38014745549555,139.40267,157.822632,150.134816,171.331386,98.714653,98.87036,0.5377790000000005,0.2798226869003108,10871,10871,10872,14.0
73.3,362.87520230174624,139.40267,157.822632,150.134816,171.331386,98.7231395116279,98.8628792558139,0.5377790000000005,0.2798226869003108,10886,10886,10887,15.0
73.4,363.37025714799694,139.434903621262,157.862400299003,150.169392564784,171.372329209302,98.729858,98.856957,0.5055453787379918,0.28004506071485635,10901,10901,10902,15.0
73.5,363.86531199424763,139.61359,158.082855,150.361067,171.599297,98.721095461794,98.8597279501661,0.4306740730890226,0.28127778512159635,10916,10915,10916,15.0
73.6,364.36036684049833,139.61359,158.082855,150.361067,171.599297,98.710606,98.863045,0.4854800000000239,0.28127778512159635,10931,10930,10931,15.0
73.7,364.855421686749,139.61359,158.082855,150.361067,171.599297,98.7174770298013,98.8623856390728,0.4854800000000239,0.28127778512159635,10946,10945,10946,15.0
73.8,365.3504765329997,139.722832063122,158.256781129568,150.506094342192,171.807268787375,98.729999,98.861184,0.39238454485098373,0.282031425988932,10961,10960,10961,15.0
73.9,365.8455313792504,139.780503,158.3486,150.582657,171.917061,98.7295038637873,98.8582126777408,0.4219739999999774,0.2824292871574843,10975,10975,10976,14.0
74.0,366.3405862255011,139.780503,158.3486,150.582657,171.917061,98.728038,98.849416,0.4219739999999774,0.2824292871574843,10990,10990,10991,15.0
74.1,366.8356410717518,139.80494657475,158.389026511627,150.61244941196,171.960459019933,98.7284836644518,98.8501670963455,0.3975304252499825,0.2825979188763378,11005,11005,11006,15.0
74.2,367.3306959180025,139.940449,158.61313,150.777603,172.201035,98.731019,98.85444,0.2951624119600069,0.2835327251439329,11020,11019,11020,15.0
74.3,367.8257507642532,139.940449,158.61313,150.777603,172.201035,98.7315271561461,98.8550091528239,0.3123989999999992,0.2835327251439329,11035,11034,11035,15.0
74.4,368.3208056105039,139.940449,158.61313,150.777603,172.201035,98.741216,98.865861,0.3123989999999992,0.2835327251439329,11050,11049,11050,15.0
74.5,368.8158604567546,140.044264073089,158.76791113289,150.886189269103,172.378755833887,98.741216,98.865861,0.2224344053159939,0.2842489262068689,11064,11064,11065,14.0
74.6,369.3109153030053,140.09907,158.849623,150.943514,172.472578,98.7263969468438,98.8487231262458,0.24248000000000047,0.2846270221994922,11079,11079,11080,15.0
74.7,369.805970149256,140.09907,158.849623,150.943514,172.472578,98.725565,98.847761,0.24248000000000047,0.2846270221994922,11094,11094,11095,15.0
74.8,370.3010249955067,140.115216607973,158.884699990033,150.965482518272,172.510845212624,98.7217704983388,98.8626619800664,0.22633339202701563,0.2847384146731376,11109,11109,11110,15.0
74.9,370.7960798417574,140.202477,159.074265,151.084206,172.717651,98.721086,98.86535,0.23193171096301057,0.28534040804136807,11124,11123,11124,15.0
75.0,371.29113468800807,140.202477,159.074265,151.084206,172.717651,98.7223637674418,98.8690605116279,0.2802369999999996,0.28534040804136807,11139,11138,11139,15.0
75.1,371.78618953425877,140.202477,159.074265,151.084206,172.717651,98.722803,98.870336,0.2802369999999996,0.28534040804136807,11154,11153,11154,15.0
75.2,372.28124438050946,140.23561141196,159.218102461794,151.168061302325,172.876688415282,98.718428654485,98.859905116279,0.2696678504979957,0.28556899624498255,11168,11168,11169,14.0
75.3,372.77629922676016,140.252848,159.292927,151.211683,172.95942,98.716016,98.854152,0.3713689999999872,0.28568790829029844,11183,11183,11184,15.0
75.4,373.27135407301085,140.252848,159.292927,151.211683,172.95942,98.7211182790697,98.8634570797342,0.3713689999999872,0.28568790829029844,11198,11198,11199,15.0
75.5,373.76640891926155,140.266698478405,159.328152016611,151.235175504983,172.997887704318,98.725438,98.871335,0.357518521594983,0.28578346018908035,11213,11212,11213,15.0
75.6,374.26146376551225,140.34155,159.518517,151.362135,173.205777,98.7156906854304,98.8662691092715,0.3943191788069953,0.286299847046341,11228,11227,11228,15.0
75.7,374.75651861176294,140.34155,159.518517,151.362135,173.205777,98.703305,98.859832,0.4521089999999788,0.286299847046341,11243,11242,11243,15.0
75.8,375.25157345801364,140.34155,159.518517,151.362135,173.205777,98.7091291661129,98.8677317475083,0.4521089999999788,0.286299847046341,11258,11257,11258,15.0
75.9,375.74662830426433,140.434408710963,159.662017664451,151.477145372093,173.371032009966,98.720492,98.883144,0.38506599667800856,0.28694046218550806,11272,11272,11273,14.0
76.0,376.24168315051503,140.482714,159.736667,151.536974,173.456998,98.7161874186046,98.8775876013289,0.47283100000001355,0.2872737114750795,11287,11287,11288,15.0
76.1,376.7367379967657,140.482714,159.736667,151.536974,173.456998,98.702243,98.859588,0.47283100000001355,0.2872737114750795,11302,11302,11303,15.0
76.2,377.2317928430164,140.505279262458,159.772700009966,151.566297534883,173.499165760797,98.7066215548172,98.8604032325581,0.45026573754199717,0.28742938506348037,11317,11316,11317,15.0
76.3,377.7268476892671,140.624217,159.962624,151.720857,173.721425,98.734388,98.865573,0.4132036079730028,0.28824991460236277,11332,11331,11332,15.0
76.4,378.2219025355178,140.624217,159.962624,151.720857,173.721425,98.7344483654485,98.8658505747508,0.4551700000000096,0.28824991460236277,11347,11346,11347,15.0
76.5,378.7169573817685,140.624217,159.962624,151.720857,173.721425,98.736205,98.873928,0.4551700000000096,0.28824991460236277,11362,11361,11362,15.0
76.6,379.2120122280192,140.735869178807,160.119315413907,151.88140057947,173.894081221854,98.736205,98.873928,0.356996066226003,0.289020182413783,11376,11376,11377,14.0
76.7,379.7070670742699,140.793659,160.200417,151.964496,173.983446,98.7417008372093,98.8809483322259,0.3687979999999982,0.2894188637433219,11391,11391,11392,15.0
76.8,380.2021219205206,140.793659,160.200417,151.964496,173.983446,98.742092,98.881448,0.3687979999999982,0.2894188637433219,11406,11406,11407,15.0
76.9,380.6971767667713,140.819474707641,160.239430794019,151.990669395348,174.027657508305,98.7329782126245,98.8747112890365,0.3429822923589825,0.28959696155419645,11421,11420,11421,15.0
77.0,381.192231613022,140.955545,160.445066,152.128625,174.260689,98.731119,98.873337,0.2758301295679928,0.2905356854323559,11436,11435,11436,15.0
77.1,381.6872864592727,140.955545,160.445066,152.128625,174.260689,98.7296875430463,98.8701200463576,0.3111549999999852,0.2905356854323559,11451,11450,11451,15.0
77.2,382.1823413055234,140.955545,160.445066,152.128625,174.260689,98.729154,98.868921,0.3111549999999852,0.2905356854323559,11465,11465,11466,14.0
77.3,382.6773961517741,141.037420607973,160.594894488372,152.228630764119,174.430541119601,98.7292318604651,98.876696372093,0.24696627574701324,0.2911005301674601,11480,11480,11481,15.0
77.4,383.1724509980248,141.079387,160.671691,152.27989,174.517601,98.729278,98.881304,0.29596100000000547,0.2913900485744024,11495,11495,11496,15.0
77.5,383.66750584427547,141.079387,160.671691,152.27989,174.517601,98.7233228172757,98.8830719202657,0.29596100000000547,0.2913900485744024,11510,11510,11511,15.0
77.6,384.16256069052616,141.092865245033,160.705895596026,152.30276813245,174.554484208609,98.717933,98.884672,0.28248275496699193,0.29148303250372914,11525,11524,11525,15.0
77.7,384.65761553677686,141.162457,160.882503,152.420894,174.744922,98.7222535315614,98.8813457009966,0.30828435548102107,0.29196313320005285,11540,11539,11540,15.0
77.8,385.15267038302756,141.162457,160.882503,152.420894,174.744922,98.728093,98.87685,0.3564580000000035,0.29196313320005285,11555,11554,11555,15.0
77.9,385.64772522927825,141.162457,160.882503,152.420894,174.744922,98.7289154053156,98.8792524418604,0.3564580000000035,0.29196313320005285,11569,11569,11570,14.0
78.0,386.14278007552895,141.231375129568,161.018396199335,152.498092777408,174.885929697674,98.730645,98.884305,0.32106867837899244,0.29243858667885403,11584,11584,11585,15.0
78.1,386.63783492177964,141.2667,161.08805,152.537662,174.958205,98.7275208476821,98.8815442450331,0.4547290000000146,0.2926822864519089,11599,11599,11600,15.0
78.2,387.13288976803034,141.2667,161.08805,152.537662,174.958205,98.716563,98.871861,0.4547290000000146,0.2926822864519089,11614,11613,11614,15.0
78.3,387.62794461428103,141.28438688372,161.11872644186,152.564161069767,174.996969046511,98.718767730897,98.8727944883721,0.4370421162799971,0.2928043050041613,11629,11628,11629,15.0
78.4,388.12299946053173,141.375348,161.276491,152.700442,175.196327,98.734997,98.879666,0.46175940531500714,0.29343182898721265,11644,11643,11644,15.0
78.5,388.6180543067824,141.375348,161.276491,152.700442,175.196327,98.7351198903654,98.8795716478405,0.5201769999999897,0.29343182898721265,11659,11658,11659,15.0
78.6,389.1131091530331,141.375348,161.276491,152.700442,175.196327,98.742395,98.873986,0.5201769999999897,0.29343182898721265,11673,11673,11674,14.0
78.7,389.6081639992838,141.470741355481,161.421069737541,152.830699807308,175.375300421926,98.742395,98.873986,0.4475565681069895,0.2940899301719409,11688,11688,11689,15.0
78.8,390.1032188455345,141.518915,161.494082,152.89648,175.465682,98.7491244485049,98.8833379069767,0.5137030000000209,0.29442227127023607,11703,11703,11704,15.0
78.9,390.5982736917852,141.518915,161.494082,152.89648,175.465682,98.749734,98.884185,0.5137030000000209,0.29442227127023607,11718,11717,11718,15.0
79.0,391.0933285380359,141.552443807947,161.538812298013,152.93209423841,175.508585642384,98.7392765562913,98.883381834437,0.4801741920530276,0.29465358033910344,11733,11732,11733,15.0
79.1,391.5883833842866,141.721429,161.764253,153.11159,175.72482,98.736896,98.883199,0.38716900332198634,0.29581937804619596,11748,11747,11748,15.0
79.2,392.0834382305373,141.721429,161.764253,153.11159,175.72482,98.750546,98.8749554285714,0.42497000000000185,0.29581937804619596,11763,11762,11763,15.0
79.3,392.578493076788,141.721429,161.764253,153.11159,175.72482,98.756006,98.871658,0.42497000000000185,0.29581937804619596,11777,11777,11778,14.0
79.4,393.0735479230387,141.837107405315,161.907415790697,153.241441827242,175.897235282392,98.7394386644518,98.8678337342192,0.3351658471760004,0.2966174220525255,11792,11792,11793,15.0
79.5,393.5686027692894,141.895525,161.979713,153.307017,175.984305,98.728904,98.865402,0.4066370000000177,0.29702043427572816,11807,11807,11808,15.0
79.6,394.0636576155401,141.895525,161.979713,153.307017,175.984305,98.7259253023255,98.8624238139535,0.4066370000000177,0.29702043427572816,11822,11821,11822,15.0
79.7,394.5587124617908,141.918297923588,162.020018980066,153.335307033222,176.027197026578,98.723082,98.859581,0.38386407641201004,0.2971775404800065,11837,11836,11837,15.0
79.8,395.0537673080415,142.032618,162.222355,153.477323,176.242515,98.727373923588,98.8707184252491,0.390184734218991,0.29796621362548514,11852,11851,11852,15.0
79.9,395.54882215429217,142.032618,162.222355,153.477323,176.242515,98.733585,98.886836,0.45020499999998265,0.29796621362548514,11866,11866,11867,14.0
80.0,396.04387700054286,142.032618,162.222355,153.477323,176.242515,98.734314834437,98.8845454900662,0.45020499999998265,0.29796621362548514,11881,11881,11882,15.0
80.1,396.53893184679356,142.108598003322,162.362429295681,153.580753192691,176.40268261794,98.735955,98.879398,0.3932678205980267,0.298490385670275,11896,11896,11897,15.0
80.2,397.03398669304426,142.146399,162.432118,153.632211,176.482368,98.7380893654485,98.8798486843853,0.4488139999999987,0.2987511677821137,11911,11911,11912,15.0
80.3,397.52904153929495,142.146399,162.432118,153.632211,176.482368,98.746317,98.881586,0.4488139999999987,0.2987511677821137,11926,11925,11926,15.0
80.4,398.02409638554565,142.172273252491,162.470148730897,153.664118641196,176.525220325581,98.7453824684385,98.8822086777408,0.4229397475089911,0.2989296694831224,11941,11940,11941,15.0
80.5,398.51915123179634,142.302162,162.661063,153.824295,176.740339,98.737243,98.887632,0.263864675495995,0.2998257480222148,11956,11955,11956,15.0
80.6,399.01420607804704,142.302162,162.661063,153.824295,176.740339,98.7371791096345,98.8876441495016,0.24941599999999653,0.2998257480222148,11970,11970,11971,14.0
80.7,399.50926092429773,142.302162,162.661063,153.824295,176.740339,98.718012,98.891289,0.24941599999999653,0.2998257480222148,11985,11985,11986,15.0
80.8,400.00431577054843,142.422802734219,162.817639996677,153.942923063122,176.902959352159,98.718012,98.891289,0.14188700996700732,0.3006580262214214,12000,12000,12001,15.0
80.9,400.4993706167991,142.482823,162.895539,154.001942,176.983865,98.7405680232558,98.8774175813953,0.1461400000000026,0.3010720949772483,12015,12014,12015,15.0
81.0,400.9944254630498,142.482823,162.895539,154.001942,176.983865,98.743065,98.875882,0.1461400000000026,0.3010720949772483,12030,12029,12030,15.0
81.1,401.4894803093005,142.50186582392,162.931403013289,154.023590398671,177.019704445182,98.7153636112956,98.8717441661129,0.12709717607998527,0.30120346791112973,12045,12044,12045,15.0
81.2,401.9845351555512,142.595213,163.107207,154.12971,177.195388,98.708467,98.870714,0.16458023255799503,0.30184745288114695,12060,12059,12060,15.0
81.3,402.4795900018019,142.595213,163.107207,154.12971,177.195388,98.7255335116279,98.8720967906976,0.22870000000000346,0.30184745288114695,12074,12074,12075,14.0
81.4,402.9746448480526,142.595213,163.107207,154.12971,177.195388,98.732929,98.872696,0.22870000000000346,0.30184745288114695,12089,12089,12090,15.0
81.5,403.4696996943033,142.566026675496,163.220349741721,154.168483298013,177.328335437086,98.7271684039735,98.8749734172185,0.2832297814569813,0.3016461018055181,12104,12104,12105,15.0
81.6,403.964754540554,142.551578,163.276361,154.187678,177.394151,98.723264,98.876517,0.4195220000000006,0.3015464230552139,12119,12118,12119,15.0
81.7,404.4598093868047,142.551578,163.276361,154.187678,177.394151,98.7299407840531,98.8773263521594,0.4195220000000006,0.3015464230552139,12134,12133,12134,15.0
81.8,404.9548642330554,142.564689744186,163.305988272425,154.213600571428,177.429649710963,98.736752,98.878152,0.40641025581399504,0.3016368785627192,12149,12148,12149,15.0
81.9,405.4499190793061,142.628963,163.45122,154.340672,177.603663,98.7329846245847,98.8796718870431,0.47402957807301505,0.30208028791323677,12163,12163,12164,14.0
82.0,405.9449739255568,142.628963,163.45122,154.340672,177.603663,98.727142,98.882029,0.5386699999999962,0.30208028791323677,12178,12178,12179,15.0
82.1,406.4400287718075,142.628963,163.45122,154.340672,177.603663,98.7316475415282,98.8796044684385,0.5386699999999962,0.30208028791323677,12193,12193,12194,15.0
82.2,406.9350836180582,142.759793232558,163.582451548172,154.487321315614,177.763094687707,98.742553,98.873736,0.4187532026570011,0.30298286158422827,12208,12208,12209,15.0
82.3,407.43013846430887,142.823913,163.646768,154.559194,177.841232,98.7378316578073,98.8753609734219,0.40689199999999914,0.30342521204674544,12223,12222,12223,15.0
82.4,407.92519331055956,142.823913,163.646768,154.559194,177.841232,98.717621,98.882317,0.40689199999999914,0.30342521204674544,12238,12237,12238,15.0
82.5,408.42024815681026,142.849256456953,163.687225549668,154.592034754966,177.885835602649,98.7172006225165,98.8812025794702,0.3815485430470176,0.3036000518871281,12253,12252,12253,15.0
82.6,408.91530300306096,142.9711,163.881733,154.749923,178.100276,98.712919,98.869852,0.3095728604649821,0.3044406280428405,12267,12267,12268,14.0
82.7,409.41035784931165,142.9711,163.881733,154.749923,178.100276,98.712919,98.869852,0.33364699999998493,0.3044406280428405,12282,12282,12283,15.0
82.8,409.90541269556235,142.9711,163.881733,154.749923,178.100276,98.6948316013289,98.8892665249169,0.33364699999998493,0.3044406280428405,12297,12297,12298,15.0
82.9,410.40046754181304,143.102992578073,164.031036501661,154.847910448505,178.26438992691,98.694588,98.889528,0.21623324974098068,0.3053505306398195,12312,12312,12313,15.0
83.0,410.89552238806374,143.167633,164.10421,154.895934,178.344822,98.7267279039735,98.8728891258278,0.21961600000000203,0.30579647300170604,12327,12326,12327,15.0
83.1,411.39057723431443,143.167633,164.10421,154.895934,178.344822,98.730941,98.870708,0.21961600000000203,0.30579647300170604,12342,12341,12342,15.0
83.2,411.88563208056513,143.178546435215,164.139685401993,154.921890983388,178.38257054485,98.7407644019933,98.8821308704319,0.20870256478499982,0.3058717627806244,12357,12356,12357,15.0
83.3,412.3806869268158,143.230805,164.309558,155.046185,178.563328,98.74347,98.885277,0.253413930232,0.30623228499125216,12371,12371,12372,14.0
83.4,412.8757417730665,143.230805,164.309558,155.046185,178.563328,98.7353289072847,98.8841058013245,0.3002270000000067,0.30623228499125216,12386,12386,12387,15.0
83.5,413.3707966193172,143.230805,164.309558,155.046185,178.563328,98.731535,98.88356,0.3002270000000067,0.30623228499125216,12401,12401,12402,15.0
83.6,413.8658514655679,143.280672860465,164.426131930232,155.114923767441,178.699288093023,98.7375338372093,98.8819553488372,0.2702667142850146,0.306576314173226,12416,12415,12416,15.0
83.7,414.3609063118186,143.304747,164.482409,155.148108,178.764924,98.741853,98.8808,0.33934500000000867,0.3067423972265939,12431,12430,12431,15.0
83.8,414.8559611580693,143.304747,164.482409,155.148108,178.764924,98.7394968538206,98.8874364385382,0.33934500000000867,0.3067423972265939,12446,12445,12446,15.0
83.9,415.35101600432,143.319225827814,164.516298112582,155.173636801324,178.801735483443,98.736928,98.894672,0.324866172186006,0.30684228399218494,12461,12460,12461,15.0
84.0,415.8460708505707,143.387249,164.675513,155.293574,178.97468,98.7367640066445,98.8923416279069,0.302684036544008,0.30731156332488957,12475,12475,12476,14.0
84.1,416.3411256968214,143.387249,164.675513,155.293574,178.97468,98.736495,98.888519,0.3244809999999916,0.30731156332488957,12490,12490,12491,15.0
84.2,416.8361805430721,143.387249,164.675513,155.293574,178.97468,98.7374088272425,98.8852638006644,0.3244809999999916,0.30731156332488957,12505,12505,12506,15.0
84.3,417.3312353893228,143.484218930232,164.80695044186,155.431355023255,179.127226069767,98.739809,98.876714,0.26374546179400227,0.3079805410083657,12520,12519,12520,15.0
84.4,417.8262902355735,143.531032,164.870403,155.49787,179.200869,98.739475205298,98.8781729039735,0.3864820000000009,0.3083034957521185,12535,12534,12535,15.0
84.5,418.3213450818242,143.531032,164.870403,155.49787,179.200869,98.737907,98.885027,0.3864820000000009,0.3083034957521185,12550,12549,12550,15.0
84.6,418.8163999280749,143.55093957475,164.903455983388,155.515417401993,179.241002501661,98.7388523421927,98.8845685083056,0.3665744252500076,0.30844083444265913,12564,12564,12565,14.0
84.7,419.31145477432557,143.644092,165.058119,155.597526,179.428797,98.750841,98.878754,0.344998890364991,0.30908347586258006,12579,12579,12580,15.0
84.8,419.80650962057626,143.644092,165.058119,155.597526,179.428797,98.750841,98.878754,0.3790329999999926,0.30908347586258006,12594,12594,12595,15.0
84.9,420.30156446682696,143.644092,165.058119,155.597526,179.428797,98.7587917781456,98.8775839403973,0.3790329999999926,0.30908347586258006,12609,12609,12610,15.0
85.0,420.79661931307766,143.689933036544,165.188222202657,155.705345083056,179.55103230897,98.759036,98.877548,0.3449971528239928,0.30939972472820243,12624,12623,12624,15.0
85.1,421.29167415932835,143.71173,165.250085,155.756612,179.609154,98.7452814352159,98.8758898272425,0.37719800000002124,0.3095500979633353,12639,12638,12639,15.0
85.2,421.78672900557905,143.71173,165.250085,155.756612,179.609154,98.743234,98.875643,0.37719800000002124,0.3095500979633353,12654,12653,12654,15.0
85.3,422.28178385182974,143.747964392026,165.286741631229,155.788710455149,179.649146285714,98.7582290465116,98.8812269069767,0.34096360797400393,0.30980007235830226,12668,12668,12669,14.0
85.4,422.77683869808044,143.917514,165.458267,155.938907,179.83628,98.762773,98.882919,0.23170164900599843,0.3109697638668489,12683,12683,12684,15.0
85.5,423.27189354433114,143.917514,165.458267,155.938907,179.83628,98.7578468305647,98.8826325249169,0.2602279999999837,0.3109697638668489,12698,12698,12699,15.0
85.6,423.76694839058183,143.917514,165.458267,155.938907,179.83628,98.755396,98.88249,0.2602279999999837,0.3109697638668489,12713,12713,12714,15.0
85.7,424.2620032368325,143.989090890365,165.602257790697,156.041361764119,179.996287840531,98.7437145714285,98.8841967774086,0.19798754817301756,0.3114635596465532,12728,12727,12728,15.0
85.8,424.7570580830832,144.023125,165.670724,156.090078,180.07237,98.734713,98.885512,0.20665900000000192,0.3116983546986722,12743,12742,12743,15.0
85.9,425.2521129293339,144.023125,165.670724,156.090078,180.07237,98.7379719403973,98.8938846490066,0.20665900000000192,0.3116983546986722,12758,12757,12758,15.0
86.0,425.7471677755846,144.034930189368,165.702415900332,156.108877355481,180.108340279069,98.741743,98.903573,0.19485381063199725,0.3117797965252004,12772,12772,12773,14.0
86.1,426.2422226218353,144.088928,165.847377,156.194867,180.272871,98.7443923156146,98.8924600697674,0.217917611294979,0.3121523174724977,12787,12787,12788,15.0
86.2,426.737277468086,144.088928,165.847377,156.194867,180.272871,98.749059,98.872885,0.25400499999997805,0.3121523174724977,12802,12802,12803,15.0
86.3,427.2323323143367,144.088928,165.847377,156.194867,180.272871,98.7470672790697,98.8717409136212,0.25400499999997805,0.3121523174724977,12817,12816,12817,15.0
86.4,427.7273871605874,144.149215649006,165.955145228476,156.26550239735,180.40423934437,98.741373,98.86847,0.22092298222298723,0.31256823085593277,12832,12831,12832,15.0
86.5,428.2224420068381,144.177742,166.006138,156.298925,180.466399,98.7394040431893,98.8723659734219,0.31408000000001834,0.31276502889590585,12847,12846,12847,15.0
86.6,428.7174968530888,144.177742,166.006138,156.298925,180.466399,98.729026,98.892901,0.31408000000001834,0.31276502889590585,12862,12861,12862,15.0
86.7,429.2125516993395,144.187078438538,166.036219229235,156.320229166112,180.498940906976,98.7308151794019,98.8922666345514,0.3047435614620042,0.3128294392652867,12876,12876,12877,14.0
86.8,429.7076065455902,144.229784,166.173813,156.417676,180.64779,98.760705,98.881669,0.374998986754008,0.3131240570659805,12891,12891,12892,15.0
86.9,430.2026613918409,144.229784,166.173813,156.417676,180.64779,98.760705,98.881669,0.42764099999999416,0.3131240570659805,12906,12906,12907,15.0
87.0,430.6977162380916,144.229784,166.173813,156.417676,180.64779,98.7467231262458,98.8880203089701,0.42764099999999416,0.3131240570659805,12921,12920,12921,15.0
87.1,431.19277108434227,144.306845611295,166.302857435215,156.526940318936,180.790918820598,98.746092,98.888307,0.3836747707640029,0.3136556909249069,12936,12935,12936,15.0
87.2,431.68782593059296,144.342933,166.363288,156.578108,180.857945,98.7367751096345,98.8870168770764,0.49561400000001754,0.3139046511710452,12951,12950,12951,15.0
87.3,432.18288077684366,144.342933,166.363288,156.578108,180.857945,98.73518,98.886796,0.49561400000001754,0.3139046511710452,12965,12965,12966,14.0
87.4,432.67793562309436,144.370138631229,166.3986100598,156.611577053156,180.896764584717,98.7350533023255,98.8789656312292,0.46840836877100855,0.3140923378086817,12980,12980,12981,15.0
87.5,433.17299046934505,144.491822,166.556596,156.761275,181.070394,98.735012,98.876413,0.42865688039799466,0.3149318089515735,12995,12995,12996,15.0
87.6,433.66804531559575,144.491822,166.556596,156.761275,181.070394,98.7374877209302,98.8759610930232,0.4664409999999748,0.3149318089515735,13010,13010,13011,15.0
87.7,434.16310016184644,144.491822,166.556596,156.761275,181.070394,98.738814,98.875719,0.4664409999999748,0.3149318089515735,13025,13024,13025,15.0
87.8,434.65815500809714,144.604782986754,166.691408675496,156.886638278145,181.227702966887,98.7472942913907,98.8832989337748,0.3697070331130021,0.31571110598789254,13040,13039,13040,15.0
87.9,435.15320985434784,144.657425,166.754234,156.94506,181.301012,98.754242,98.889509,0.3883480000000077,0.3160742735388082,13055,13054,13055,15.0
88.0,435.64826470059853,144.657425,166.754234,156.94506,181.301012,98.7470946245847,98.8882276212624,0.3883480000000077,0.3160742735388082,13069,13069,13070,14.0
88.1,436.1433195468492,144.690520382059,166.794192687707,156.979092209302,181.346060837209,98.738306,98.886652,0.35525261794100516,0.31630259248232623,13084,13084,13085,15.0
88.2,436.6383743930999,144.838547,166.972917,157.131309,181.547552,98.7396528172757,98.8843277209302,0.279255508304999,0.31732380084790984,13099,13099,13100,15.0
88.3,437.1334292393506,144.838547,166.972917,157.131309,181.547552,98.742204,98.879925,0.3124729999999829,0.31732380084790984,13114,13114,13115,15.0
88.4,437.6284840856013,144.838547,166.972917,157.131309,181.547552,98.7403102392026,98.8790362624584,0.3124729999999829,0.31732380084790984,13129,13128,13129,15.0
88.5,438.123538931852,144.920478880398,167.103079571428,157.243432541528,181.700100817275,98.734501,98.87631,0.2474261428569946,0.3178890337961069,13144,13143,13144,15.0
88.6,438.6185937781027,144.958263,167.163106,157.29514,181.770451,98.732081,98.8776265714285,0.28351400000002513,0.3181496994761073,13159,13158,13159,15.0
88.7,439.1136486243534,144.958263,167.163106,157.29514,181.770451,98.717561,98.885526,0.28351400000002513,0.3181496994761073,13173,13173,13174,14.0
88.8,439.6087034706041,144.974490019867,167.200631933774,157.31914805298,181.808098947019,98.7184609271523,98.8847898642384,0.267286980133008,0.318261646696595,13188,13188,13189,15.0
88.9,440.1037583168548,145.045773,167.365478,157.424612,181.973481,98.738467,98.868425,0.2668124418599973,0.3187534148437572,13203,13203,13204,15.0
89.0,440.5988131631055,145.045773,167.365478,157.424612,181.973481,98.738467,98.868425,0.29896700000000465,0.3187534148437572,13218,13217,13218,15.0
89.1,441.0938680093562,145.045773,167.365478,157.424612,181.973481,98.7549327109634,98.8683676478405,0.29896700000000465,0.3187534148437572,13233,13232,13233,15.0
89.2,441.5889228556069,145.117802508305,167.493098079734,157.527226006644,182.118758906976,98.75598,98.868364,0.2376829800670066,0.319250333151242,13248,13247,13248,15.0
89.3,442.0839777018576,145.15102,167.551952,157.574548,182.185756,98.7393582350993,98.8866620993377,0.2514770000000226,0.3194794945066419,13263,13262,13263,15.0
89.4,442.5790325481083,145.15102,167.551952,157.574548,182.185756,98.736139,98.890206,0.2514770000000226,0.3194794945066419,13277,13277,13278,14.0
89.5,443.07408739435897,145.167905023255,167.584017860465,157.595794139534,182.215382604651,98.7403112724252,98.8750893488372,0.23459197674500842,0.3195959811712765,13292,13292,13293,15.0
89.6,443.56914224060966,145.241777,167.724306,157.688746,182.344999,98.741796,98.86971,0.20045024584698012,0.3201056103290829,13307,13307,13308,15.0
89.7,444.06419708686036,145.241777,167.724306,157.688746,182.344999,98.7464396478405,98.8769457906976,0.2184919999999977,0.3201056103290829,13322,13321,13322,15.0
89.8,444.55925193311106,145.241777,167.724306,157.688746,182.344999,98.749114,98.881113,0.2184919999999977,0.3201056103290829,13337,13336,13337,15.0
89.9,445.05430677936175,145.31258544186,167.845611438538,157.792626302325,182.497736803986,98.7460298604651,98.8681939534883,0.170231129568009,0.3205941047241259,13352,13351,13352,15.0
90.0,445.54936162561245,145.34474,167.900697,157.839799,182.567096,98.743348,98.85696,0.23459600000001046,0.3208159330967589,13366,13366,13367,14.0
90.1,446.04441647186314,145.34474,167.900697,157.839799,182.567096,98.7412489966777,98.8675681727574,0.23459600000001046,0.3208159330967589,13381,13381,13382,15.0
90.2,446.53947131811384,145.355485488372,167.930864627906,157.85870988372,182.599685953488,98.738488,98.881522,0.22385051162800096,0.320890064241349,13396,13396,13397,15.0
90.3,447.03452616436454,145.402497,168.062848,157.941445,182.742267,98.7395012450331,98.876581602649,0.1779881827239933,0.32121438799893415,13411,13411,13412,15.0
90.4,447.52958101061523,145.402497,168.062848,157.941445,182.742267,98.741548,98.866602,0.1785019999999804,0.32121438799893415,13426,13425,13426,15.0
90.5,448.0246358568659,145.402497,168.062848,157.941445,182.742267,98.7385830631229,98.8724427009966,0.1785019999999804,0.32121438799893415,13441,13440,13441,15.0
90.6,448.5196907031166,145.442227245847,168.177419405315,158.0012590598,182.857443588039,98.728614,98.892081,0.1323578338869993,0.3214884796453555,13456,13455,13456,15.0
90.7,449.0147455493673,145.460269,168.229447,158.028421,182.909746,98.7267407641196,98.890775744186,0.08686000000000149,0.32161294638334587,13470,13470,13471,14.0
90.8,449.509800395618,145.460269,168.229447,158.028421,182.909746,98.713776,98.881742,0.08686000000000149,0.32161294638334587,13485,13485,13486,15.0
90.9,450.0048552418687,145.482816571428,168.263899996677,158.053037993355,182.944870877076,98.714392,98.8814890033222,0.06431242857200914,0.32176849792458984,13500,13500,13501,15.0
91.0,450.4999100881194,145.579336,168.411383,158.158416,183.09523,98.736953,98.872223,0.0581320298999799,0.3224343676801116,13515,13514,13515,15.0
91.1,450.9949649343701,145.579336,168.411383,158.158416,183.09523,98.736953,98.872223,0.09852399999999761,0.3224343676801116,13530,13529,13530,15.0
91.2,451.4900197806208,145.579336,168.411383,158.158416,183.09523,98.7449580827814,98.8787166788079,0.09852399999999761,0.3224343676801116,13545,13544,13545,15.0
91.3,451.9850746268715,145.580485182724,168.492371013289,158.165267561461,183.204161880398,98.745618,98.879252,0.1455822591360061,0.32244229568000543,13560,13559,13560,15.0
91.4,452.4801294731222,145.580999,168.528582,158.168331,183.252867,98.7356658671096,98.8891654086378,0.3470410000000186,0.32244584041072966,13574,13574,13575,14.0
91.5,452.9751843193729,145.580999,168.528582,158.168331,183.252867,98.733539,98.891284,0.3470410000000186,0.32244584041072966,13589,13589,13590,15.0
91.6,453.4702391656236,145.574585079734,168.552324488372,158.169428202657,183.272407774086,98.7349823023255,98.8833011395348,0.3534549202660173,0.3224015919564791,13604,13604,13605,15.0
91.7,453.9652940118743,145.547129,168.653959,158.174125,183.356056,98.735541,98.880211,0.45632124503299565,0.32221217752074804,13619,13618,13619,15.0
91.8,454.460348858125,145.547129,168.653959,158.174125,183.356056,98.7356565548172,98.8881954651162,0.4898769999999786,0.32221217752074804,13634,13633,13634,15.0
91.9,454.95540370437567,145.547129,168.653959,158.174125,183.356056,98.735727,98.893063,0.4898769999999786,0.32221217752074804,13649,13648,13649,15.0
92.0,455.45045855062637,145.6374680299,168.76641167774,158.334271179402,183.491121940199,98.7348671860465,98.8911448737541,0.4242490531560179,0.32283540984447334,13664,13663,13664,15.0
92.1,455.94551339687706,145.67786,168.816691,158.405875,183.551512,98.734068,98.889362,0.4873879999999815,0.323114066604604,13678,13678,13679,14.0
92.2,456.44056824312776,145.67786,168.816691,158.405875,183.551512,98.7351857284768,98.8816142516556,0.4873879999999815,0.323114066604604,13693,13693,13694,15.0
92.3,456.93562308937845,145.72606744186,168.853241405315,158.446507179402,183.598712438538,98.736747,98.870792,0.4391805581399808,0.32344664086452823,13708,13708,13709,15.0
92.4,457.43067793562915,145.92804,169.006375,158.616742,183.796466,98.737003910299,98.8741441428571,0.28137990697598525,0.3248400123328481,13723,13722,13723,15.0
92.5,457.92573278187984,145.92804,169.006375,158.616742,183.796466,98.737561,98.881413,0.30082399999997733,0.3248400123328481,13738,13737,13738,15.0
92.6,458.42078762813054,145.92804,169.006375,158.616742,183.796466,98.7360537043189,98.8852057973422,0.30082399999997733,0.3248400123328481,13753,13752,13753,15.0
92.7,458.91584247438124,146.003450245033,169.143155119205,158.748468056291,183.942833821192,98.730472,98.899251,0.24061289735098512,0.3253602537201714,13767,13767,13768,14.0
92.8,459.41089732063193,146.037006,169.204019,158.807083,184.007964,98.7308735614617,98.8984984817275,0.26965699999999515,0.32559174869156504,13782,13782,13783,15.0
92.9,459.9059521668826,146.037006,169.204019,158.807083,184.007964,98.734027,98.892589,0.26965699999999515,0.32559174869156504,13797,13797,13798,15.0
93.0,460.4010070131333,146.061717083056,169.23612113289,158.821622694352,184.041920591362,98.7342040099667,98.892529757475,0.24494591694397627,0.3257622259009376,13812,13812,13813,15.0
93.1,460.896061859384,146.165248,169.370618,158.882539,184.184187,98.751787,98.886645,0.19171734219202108,0.32647646662298035,13827,13826,13827,15.0
93.2,461.3911167056347,146.165248,169.370618,158.882539,184.184187,98.751787,98.886645,0.21386000000001104,0.32647646662298035,13842,13841,13842,15.0
93.3,461.8861715518854,146.165248,169.370618,158.882539,184.184187,98.7449024086378,98.881994282392,0.21386000000001104,0.32647646662298035,13857,13856,13857,15.0
93.4,462.3812263981361,146.209419906976,169.487008086378,158.958899684385,184.308766275747,98.744224,98.881536,0.19537543853800798,0.32678120047122416,13871,13871,13872,14.0
93.5,462.8762812443868,146.228864,169.538242,158.992513,184.363605,98.7387787009966,98.8945651594684,0.2812930000000051,0.3269153416867263,13886,13886,13887,15.0
93.6,463.3713360906375,146.228864,169.538242,158.992513,184.363605,98.737479,98.897675,0.2812930000000051,0.3269153416867263,13901,13901,13902,15.0
93.7,463.8663909368882,146.244063142384,169.569399274834,159.016282380794,184.395452692052,98.7415873609271,98.8977476456953,0.26609385761599924,0.3270201977698291,13916,13915,13916,15.0
93.8,464.3614457831389,146.306663,169.697725,159.11418,184.526622,98.743304,98.897778,0.30253865116202405,0.3274520626544762,13931,13930,13931,15.0
93.9,464.8565006293896,146.306663,169.697725,159.11418,184.526622,98.7368662790697,98.9012245116279,0.3454580000000078,0.3274520626544762,13946,13945,13946,15.0
94.0,465.3515554756403,146.306663,169.697725,159.11418,184.526622,98.732657,98.903478,0.3454580000000078,0.3274520626544762,13961,13960,13961,15.0
94.1,465.846610321891,146.356965342192,169.800969611295,159.182730611295,184.651445687707,98.7443005548172,98.9003601760797,0.2792915182729985,0.3277990892458384,13975,13975,13976,14.0
94.2,466.3416651681417,146.379108,169.846417,159.212906,184.706392,98.755867,98.897263,0.19207900000000677,0.327951847362617,13990,13990,13991,15.0
94.3,466.83672001439237,146.379108,169.846417,159.212906,184.706392,98.7548093554817,98.8924274219269,0.19207900000000677,0.327951847362617,14005,14005,14006,15.0
94.4,467.33177486064307,146.404795345514,169.879520900332,159.245107063122,184.740871717607,98.753236,98.885234,0.1663916544860058,0.3281290596268261,14020,14019,14020,15.0
94.5,467.82682970689376,146.510157,170.015303,159.377186,184.882297,98.7503688571428,98.8890875548172,0.08379023255801599,0.32885593026988635,14035,14034,14035,15.0
94.6,468.32188455314446,146.510157,170.015303,159.377186,184.882297,98.743647,98.898122,0.09365300000001753,0.32885593026988635,14050,14049,14050,15.0
94.7,468.81693939939515,146.510157,170.015303,159.377186,184.882297,98.7412513708609,98.8969444503311,0.09365300000001753,0.32885593026988635,14065,14064,14065,15.0
94.8,469.31199424564585,146.609201651162,170.14310788372,159.45420716279,185.021954674418,98.731589,98.892195,0.03602768438599924,0.32953922107082373,14079,14079,14080,14.0
94.9,469.80704909189654,146.652121,170.19849,159.487583,185.082473,98.7314000664451,98.8935021196013,0.15947600000001216,0.3298353137512376,14094,14094,14095,15.0
95.0,470.30210393814724,146.652121,170.19849,159.487583,185.082473,98.729628,98.905762,0.15947600000001216,0.3298353137512376,14109,14109,14110,15.0
95.1,470.79715878439794,146.636256860465,170.221389252491,159.48809851495,185.108204644518,98.729628,98.905762,0.1753401395349954,0.32972586997530556,14124,14123,14124,15.0
95.2,471.29221363064863,146.571187,170.315315,159.490213,185.213748,98.7366899205298,98.8888735894039,0.3442072790689963,0.32927696499606257,14139,14138,14139,15.0
95.3,471.7872684768993,146.571187,170.315315,159.490213,185.213748,98.736737,98.888761,0.38848099999998453,0.32927696499606257,14154,14153,14154,15.0
95.4,472.28232332315,146.571187,170.315315,159.490213,185.213748,98.7451751993355,98.9074220930232,0.38848099999998453,0.32927696499606257,14168,14168,14169,14.0
95.5,472.7773781694007,146.593947232558,170.39045872093,159.562663697674,185.294498930232,98.746179,98.909642,0.36551923920200124,0.329433983647263,14183,14183,14184,15.0
95.6,473.2724330156514,146.60381,170.423021,159.594059,185.329491,98.7360048807947,98.9007641788079,0.35484699999997815,0.3295020250627846,14198,14198,14199,15.0
95.7,473.7674878619021,146.60381,170.423021,159.594059,185.329491,98.733323,98.898424,0.35484699999997815,0.3295020250627846,14213,14213,14214,15.0
95.8,474.2625427081528,146.645229335548,170.454161598006,159.632341192691,185.370645219269,98.7453828538206,98.8997507774086,0.31342766445197867,0.3297877694278648,14228,14227,14228,15.0
95.9,474.7575975544035,146.811597,170.579243,159.786108,185.535948,98.750775,98.900344,0.2642897774079813,0.3309355092942765,14243,14242,14243,15.0
96.0,475.2526524006542,146.811597,170.579243,159.786108,185.535948,98.7504515780731,98.897617847176,0.31429299999999216,0.3309355092942765,14258,14257,14258,15.0
96.1,475.7477072469049,146.811597,170.579243,159.786108,185.535948,98.750225,98.895708,0.31429299999999216,0.3309355092942765,14272,14272,14273,14.0
96.2,476.2427620931556,146.915394279069,170.725278833887,159.879552259136,185.670331867109,98.7543546744186,98.8908565116279,0.26002042524899593,0.3316515875995467,14287,14287,14288,15.0
96.3,476.7378169394063,146.959668,170.787569,159.91941,185.727652,98.758681,98.885774,0.41059799999999314,0.3319570238435083,14302,14302,14303,15.0
96.4,477.232871785657,146.959668,170.787569,159.91941,185.727652,98.7469707807308,98.8885545315614,0.41059799999999314,0.3319570238435083,14317,14316,14317,15.0
96.5,477.7279266319077,146.95946647176,170.814042754152,159.940466013289,185.759782299003,98.728295,98.892989,0.410799528239977,0.33195563353730906,14332,14331,14332,15.0
96.6,478.2229814781584,146.958657,170.920379,160.025041,185.888839,98.7341370198675,98.9010402516556,1.0651397152309983,0.3319500491407692,14347,14346,14347,15.0
96.7,478.71803632440907,146.958657,170.920379,160.025041,185.888839,98.74881,98.921262,1.3425820000000215,0.3319500491407692,14362,14361,14362,15.0
96.8,479.21309117065977,146.958657,170.920379,160.025041,185.888839,98.7516484385382,98.9155882292358,1.3425820000000215,0.3319500491407692,14376,14376,14377,14.0
96.9,479.70814601691046,147.075886777408,171.037085833887,160.167475813953,186.032185109634,98.764344,98.890211,1.8707348571430202,0.33275879577735223,14391,14391,14392,15.0
97.0,480.20320086316116,147.12589,171.086866,160.22823,186.093328,98.7635208239202,98.8911147873754,4.3599419999999895,0.33310375879770204,14406,14406,14407,15.0
97.1,480.69825570941185,147.12589,171.086866,160.22823,186.093328,98.75402,98.901546,4.3599419999999895,0.33310375879770204,14421,14420,14421,15.0
97.2,481.19331055566255,147.175414704318,171.135414501661,160.323027039867,186.151317518272,98.75402,98.901546,4.310417295681987,0.333445420608639,14436,14435,14436,15.0
97.3,481.68836540191325,147.370266,171.326425,160.695999,186.379473,98.7556625913621,98.8939769468438,8.80981368106302,0.3347896637992424,14451,14450,14451,15.0
97.4,482.18342024816394,147.370266,171.326425,160.695999,186.379473,98.755696,98.893823,10.780512000000016,0.3347896637992424,14466,14465,14466,15.0
97.5,482.67847509441464,147.370266,171.326425,160.695999,186.379473,98.7593683189368,98.8928354119601,10.780512000000016,0.3347896637992424,14480,14480,14481,14.0
97.6,483.17352994066533,148.023796715231,171.657719927152,161.907201331125,186.9200252649,98.759883,98.892697,11.810266298014,0.33929825180079826,14495,14495,14496,15.0
97.7,483.668584786916,148.301239,171.798364,162.421391,187.149505,98.7518756910299,98.8907270465116,18.048766,0.34121227500901385,14510,14510,14511,15.0
97.8,484.1636396331667,148.301239,171.798364,162.421391,187.149505,98.749583,98.890163,18.048766,0.34121227500901385,14525,14524,14525,15.0
97.9,484.6586944794174,148.946621634551,172.056695149501,163.102830511627,187.485058096345,98.7438362790697,98.8910316511627,17.403383365449002,0.345664650903115,14540,14539,14540,15.0
98.0,485.1537493256681,151.485832,173.07308,165.783904,188.805267,98.741062,98.891451,20.732525279069023,0.36318219540451313,14555,14554,14555,15.0
98.1,485.6488041719188,151.485832,173.07308,165.783904,188.805267,98.7467635529801,98.8737431324503,23.19612600000002,0.36318219540451313,14569,14569,14570,14.0
98.2,486.1438590181695,151.485832,173.07308,165.783904,188.805267,98.751015,98.860539,23.19612600000002,0.36318219540451313,14584,14584,14585,15.0
98.3,486.6389138644202,156.180079681063,174.874205940199,169.526695681063,190.817112488372,98.751794820598,98.8699935581395,20.022233873754004,0.39556694531437986,14599,14599,14600,15.0
98.4,487.1339687106709,158.150778,175.630339,171.097962,191.661708,98.752668,98.88058,23.912261,0.4091624299463533,14614,14614,14615,15.0
98.5,487.6290235569216,158.150778,175.630339,171.097962,191.661708,98.756149564784,98.8811976910299,23.912261,0.4091624299463533,14629,14628,14629,15.0
98.6,488.1240784031723,159.834063013245,176.369898403973,172.427898953642,192.453471609271,98.762109,98.882255,22.228975986755017,0.4207751031337683,14644,14643,14644,15.0
98.7,488.619133249423,166.350005,179.232709,177.576042,195.518363,98.7611025548172,98.88003920598,20.30141631229199,0.4657273864398926,14659,14658,14659,15.0
98.8,489.1141880956737,166.350005,179.232709,177.576042,195.518363,98.758369,98.874021,22.197085999999985,0.4657273864398926,14673,14673,14674,14.0
98.9,489.6092429419244,166.350005,179.232709,177.576042,195.518363,98.7590786345515,98.8739839568106,22.197085999999985,0.4657273864398926,14688,14688,14689,15.0
99.0,490.1042977881751,172.218357279069,182.167546847176,182.299106186046,198.564074734219,98.762641,98.873798,17.495623267287982,0.5062120676609759,14703,14703,14704,15.0
99.1,490.59935263442577,174.681958,183.399625,184.281902,199.842699,98.7613591456953,98.8746541589404,19.458793999999983,0.5232079951547401,14718,14717,14718,15.0
99.2,491.09440748067647,174.681958,183.399625,184.281902,199.842699,98.743285,98.886726,19.458793999999983,0.5232079951547401,14733,14732,14733,15.0
99.3,491.58946232692716,176.202313554817,184.275916521594,185.570492285714,200.72778278073,98.743285,98.886726,17.93843844518298,0.5336966480256674,14748,14747,14748,15.0
99.4,492.08451717317786,182.063039,187.653879,190.5378,204.139638,98.7484240697674,98.8808412159468,15.567851036543999,0.5741287131248961,14763,14762,14763,15.0
99.5,492.57957201942855,182.063039,187.653879,190.5378,204.139638,98.748619,98.880618,17.00978599999999,0.5741287131248961,14777,14777,14778,14.0
99.6,493.07462686567925,182.063039,187.653879,190.5378,204.139638,98.7494646478405,98.8687564717607,17.00978599999999,0.5741287131248961,14792,14792,14793,15.0
99.7,493.56968171192995,186.651421312292,190.541531322259,194.505910744186,207.012284790697,98.749598,98.866886,13.330899524916987,0.6057831173596516,14807,14807,14808,15.0
99.8,494.06473655818064,188.547091,191.734552,196.145318,208.199106,98.7394771129568,98.8744878870431,14.871103000000005,0.6188609932876292,14822,14821,14822,15.0
99.9,494.55979140443134,188.547091,191.734552,196.145318,208.199106,98.736295,98.876878,14.871103000000005,0.6188609932876292,14837,14836,14837,15.0
100.0,495.05484625068203,189.713980546357,192.533984033112,197.18986634437,208.973425440397,98.7533819834437,98.8821139403973,13.704213453643007,0.62691114928678,14852,14851,14852,15.0
100.1,495.54990109693273,194.140752,195.56675,201.152518,211.910923,98.762226,98.884824,12.03084633887002,0.6574506299819916,14866,14866,14867,14.0
100.2,496.0449559431834,194.140752,195.56675,201.152518,211.910923,98.7559770697674,98.8847341395348,13.150221000000016,0.6574506299819916,14881,14881,14882,15.0
100.3,496.5400107894341,194.140752,195.56675,201.152518,211.910923,98.75103,98.884663,13.150221000000016,0.6574506299819916,14896,14896,14897,15.0
100.4,497.0350656356848,197.630890036544,198.090242378737,204.286737282392,214.328131916943,98.7534186245847,98.8903987940199,10.384735544850997,0.6815284492927094,14911,14911,14912,15.0
100.5,497.5301204819355,199.072825,199.132812,205.581626,215.326791,98.756278,98.897265,11.680376999999993,0.6914760929516056,14926,14925,14926,15.0
100.6,498.0251753281862,199.072825,199.132812,205.581626,215.326791,98.7564745813953,98.8872933820598,11.680376999999993,0.6914760929516056,14941,14940,14941,15.0
100.7,498.5202301744369,199.982320837209,199.817904558139,206.410232139534,215.979837488372,98.756831,98.869214,10.770881162791,0.6977505371721134,14956,14955,14956,15.0
100.8,499.0152850206876,203.418194,202.406032,209.540522,218.446902,98.7489403820598,98.8748410299003,9.54510970764099,0.7214539931162643,14970,14970,14971,14.0
100.9,499.5103398669383,203.418194,202.406032,209.540522,218.446902,98.72558,98.8915,10.44360900000001,0.7214539931162643,14985,14985,14986,15.0
101.0,500.005394713189,203.418194,202.406032,209.540522,218.446902,98.7307350463576,98.8902430728476,10.44360900000001,0.7214539931162643,15000,15000,15001,15.0
101.1,500.5004495594397,206.17159833887,204.58132778073,212.086291594684,220.489743156146,98.759424,98.883248,8.290193392026993,0.7404492223784014,15015,15015,15016,15.0
101.2,500.9955044056904,207.290973,205.465677,213.121254,221.320244,98.7591987508305,98.8842242458471,9.392651999999998,0.7481715819382463,15030,15029,15030,15.0
101.3,501.4905592519411,207.290973,205.465677,213.121254,221.320244,98.754904,98.902838,9.392651999999998,0.7481715819382463,15045,15044,15045,15.0
101.4,501.9856140981918,208.015625581395,206.057227744186,213.785089395348,221.872898209302,98.754904,98.902838,8.667999418605007,0.753170826591375,15060,15059,15060,15.0
101.5,502.48066894444247,210.753202,208.291975,216.292912,223.960703,98.7663989271523,98.9054299933774,7.786268115894018,0.7720568619476507,15074,15074,15075,14.0
101.6,502.97572379069317,210.753202,208.291975,216.292912,223.960703,98.767042,98.905575,8.537238000000002,0.7720568619476507,15089,15089,15090,15.0
101.7,503.47077863694386,210.753202,208.291975,216.292912,223.960703,98.7427178803986,98.896140847176,8.537238000000002,0.7720568619476507,15104,15104,15105,15.0
101.8,503.96583348319456,212.963303707641,210.142592255813,218.350497116279,225.662868953488,98.73833,98.894439,6.835549953487998,0.7873039464519594,15119,15118,15119,15.0
101.9,504.46088832944525,213.861803,210.894946,219.186991999999,226.354871,98.7628278604651,98.8979500697674,7.819769999999977,0.7935025275354889,15134,15133,15134,15.0
102.0,504.95594317569595,213.861803,210.894946,219.186992,226.354871,98.771249,98.899157,7.819769999999977,0.7935025275354889,15149,15148,15149,15.0
102.1,505.45099802194665,214.461791730897,211.408895767441,219.748759122923,226.826532076411,98.7519643687707,98.8867242425249,7.219781269102981,0.7976417392513985,15164,15163,15164,15.0
102.2,505.94605286819734,216.683625,213.312116,221.829052999999,228.573152,98.741328,98.879867,6.557271571428004,0.8129697576368766,15178,15178,15179,14.0
102.3,506.44110771444804,216.683625,213.312116,221.829052999999,228.573152,98.7453900033222,98.8885747740863,7.181000999999981,0.8129697576368766,15193,15193,15194,15.0
102.4,506.93616256069873,216.683625,213.312116,221.829052999999,228.573152,98.748829,98.895947,7.181000999999981,0.8129697576368766,15208,15208,15209,15.0
102.5,507.43121740694943,218.539470115894,214.918494195364,223.564142155629,230.028221453642,98.7386496556291,98.8945874933774,5.761961910596,0.8257728911809645,15223,15222,15223,15.0
102.6,507.9262722532001,219.29044,215.568517,224.266248,230.617017,98.725715,98.89286,6.603654000000006,0.8309536940569446,15238,15237,15238,15.0
102.7,508.4213270994508,219.29044,215.568517,224.266248,230.617017,98.7291833388704,98.8957739468438,6.603654000000006,0.8309536940569446,15253,15252,15253,15.0
102.8,508.9163819457015,219.798853661129,216.01607878073,224.739892438538,231.018736069767,98.73595,98.901459,6.095240338871008,0.8344611462378005,15267,15267,15268,14.0
102.9,509.4114367919522,221.681573,217.673456,226.493856999999,232.506352,98.7392860564784,98.8996858870431,5.533200072847023,0.8474496800950511,15282,15282,15283,15.0
103.0,509.9064916382029,221.681573,217.673456,226.493857,232.506351999999,98.750093,98.893942,6.059026000000017,0.8474496800950511,15297,15297,15298,15.0
103.1,510.4015464844536,221.681573,217.673456,226.493856999999,232.506352,98.7500229867109,98.893204,6.059026000000017,0.8474496800950511,15312,15312,15313,15.0
103.2,510.8966013307043,223.240896571428,219.081119571428,227.952548428571,233.753356285714,98.749579,98.888524,4.863768508305981,0.8582071661333296,15327,15326,15327,15.0
103.3,511.391656176955,223.864626,219.644185,228.536025,234.252158,98.7494906943521,98.8888972558139,5.56187899999901,0.8625101605486463,15342,15341,15342,15.0
103.4,511.8867110232057,223.864626,219.644185,228.536025,234.252158,98.746921,98.899759,5.561879000000005,0.8625101605486463,15357,15356,15357,15.0
103.5,512.3817658694563,224.30143202649,220.035477682119,228.941434519867,234.594117403973,98.746921,98.899759,5.125072973508992,0.8655236048507157,15371,15371,15372,14.0
103.6,512.876820715707,225.894094,221.462190999999,230.41962,235.840954,98.7457568571428,98.8905849568106,4.645499903654013,0.8765110863828781,15386,15386,15387,15.0
103.7,513.3718755619577,225.894094,221.462190999999,230.41962,235.840954,98.745674,98.889932,5.083520999998996,0.8765110863828781,15401,15401,15402,15.0
103.8,513.8669304082084,225.894094,221.462190999999,230.41962,235.840954,98.7396440996677,98.9069810033222,5.083520999998996,0.8765110863828781,15416,15416,15417,15.0
103.9,514.3619852544591,227.214773072847,222.697524324503,231.642394569536,236.895995986754,98.738414,98.910459,4.074128086092998,0.8856222079919663,15431,15430,15431,15.0
104.0,514.8570401007098,227.740599,223.189369999999,232.12924,237.316059,98.7442531362126,98.9052469734219,4.661385999999993,0.8892497841881838,15446,15445,15446,15.0
104.1,515.3520949469605,227.740599,223.189369999999,232.12924,237.316059,98.746403,98.903328,4.661385999999993,0.8892497841881838,15461,15460,15461,15.0
104.2,515.8471497932112,228.104665079734,223.530013189368,232.474858604651,237.604138136212,98.7341858139534,98.8998374651162,4.2973199202660055,0.8917614089987818,15475,15475,15476,14.0
104.3,516.3422046394619,229.426504999999,224.766809999999,233.72972,238.650087,98.726946,98.897769,3.881735627908,0.9008805390803387,15490,15490,15491,15.0
104.4,516.8372594857126,229.426505,224.766809999999,233.729719999999,238.650087,98.730118102649,98.894271,4.238363999998995,0.9008805390803457,15505,15505,15506,15.0
104.5,517.3323143319633,229.426504999999,224.766809999999,233.72972,238.650087,98.732971,98.891125,4.23836399999999,0.9008805390803387,15520,15519,15520,15.0
104.6,517.827369178214,230.539593903654,225.820407767441,234.751505488372,239.532761312292,98.7373774318936,98.8965728671096,3.384146830564987,0.9085595343574163,15535,15534,15535,15.0
104.7,518.3224240244647,230.977614999999,226.235018,235.153597,239.880109999999,98.743333,98.903936,3.8678660000000207,0.9115813612025574,15550,15549,15550,15.0
104.8,518.8174788707154,230.977614999999,226.235018,235.153597,239.880109999999,98.7457821694352,98.9058579534883,3.8678660000000207,0.9115813612025574,15565,15564,15565,15.0
104.9,519.3125337169661,231.28890115894,226.53352310596,235.438096337748,240.124045125827,98.750933,98.9099,3.5565798410599996,0.9137288670634806,15579,15579,15580,14.0
105.0,519.8075885632168,232.401985,227.600905,236.455397,240.996298,98.7445188073089,98.9078532724252,3.2066936511619986,0.921407827414648,15594,15594,15595,15.0
105.1,520.3026434094675,232.401985,227.600905,236.455397,240.996298,98.722117,98.900705,3.502124999999012,0.921407827414648,15609,15609,15610,15.0
105.2,520.7976982557182,232.401985,227.600905,236.455397,240.996298,98.7249129202657,98.9006167342192,3.502124999999012,0.921407827414648,15624,15623,15624,15.0
105.3,521.2927531019689,233.308240627907,228.500535671096,237.308351578073,241.710509534883,98.745494,98.899967,2.8101551461789995,0.9276599180281393,15639,15638,15639,15.0
105.4,521.7878079482196,233.664868999999,228.854557,237.644005,241.991565,98.7453104437086,98.8998565562914,3.2165140000010126,0.9301202314639966,15654,15653,15654,15.0
105.5,522.2828627944702,233.664868999999,228.854557,237.644005,241.991564999999,98.736255,98.894408,3.2165140000010126,0.9301202314639966,15668,15668,15669,14.0
105.6,522.777917640721,233.923740734219,229.11139961794,237.877075777408,242.194960116279,98.736255,98.894408,2.957642265781004,0.9319061398653083,15683,15683,15684,15.0
105.7,523.2729724869716,234.845480999999,230.025915,238.706949,242.919169999999,98.7312879169435,98.9179175149501,2.6646194883729777,0.9382650561426832,15698,15698,15699,15.0
105.8,523.7680273332223,234.845480999999,230.025915,238.706949,242.919169999999,98.730838,98.920047,2.907994000000997,0.9382650561426832,15713,15713,15714,15.0
105.9,524.263082179473,234.845481,230.025915,238.706949,242.91917,98.7375443509933,98.9141039006622,2.907994000000002,0.9382650561426898,15728,15727,15728,15.0
106.0,524.7581370257237,235.608678651162,230.786561279069,239.432085860465,243.529969488372,98.739071,98.912751,2.318861458472014,0.9435302161308142,15743,15742,15743,15.0
106.1,525.2531918719744,235.904109999999,231.081005,239.712784,243.766408,98.746456,98.9034974285714,2.631359000000998,0.9455683425778311,15758,15757,15758,15.0
106.2,525.7482467182251,235.904109999999,231.081005,239.712784,243.766408,98.74941,98.899796,2.631359000000998,0.9455683425778311,15772,15772,15773,14.0
106.3,526.2433015644758,236.118395774086,231.299920641196,239.905522857142,243.928599382059,98.7491581461794,98.9040408372093,2.4170732259140095,0.9470466606544516,15787,15787,15788,15.0
106.4,526.7383564107265,236.881383,232.079393,240.591789999999,244.506099,98.748998,98.90674,2.180889496687996,0.9523103689575577,15802,15802,15803,15.0
106.5,527.2334112569772,236.881383,232.079393,240.59179,244.506099,98.7506812558139,98.9117677674418,2.38387800000001,0.9523103689575577,15817,15817,15818,15.0
106.6,527.7284661032279,236.881383,232.079393,240.59179,244.506099,98.752288,98.916567,2.38387800000001,0.9523103689575577,15832,15831,15832,15.0
106.7,528.2235209494786,237.510100488372,232.731721674418,241.174637581395,245.005176651162,98.7451977242524,98.9189955348837,1.8951152757470027,0.9566477750784627,15847,15846,15847,15.0
106.8,528.7185757957293,237.753475,232.984236,241.400256,245.198368,98.734937,98.92251,2.1405379999999923,0.9583267709962333,15862,15861,15862,15.0
106.9,529.21363064198,237.753475,232.984236,241.400255999999,245.198368,98.7375292980132,98.9218303609271,2.1405379999999923,0.9583267709962333,15876,15876,15877,14.0
107.0,529.7086854882307,237.927540109634,233.171050252491,241.559327355481,245.329770803986,98.743355,98.920303,1.966472890365992,0.9595276141188216,15891,15891,15892,15.0
107.1,530.2037403344814,238.535469,233.823506,242.11489,245.7887,98.7407580033222,98.9194739302325,1.7797728704310032,0.9637216035320576,15906,15906,15907,15.0
107.2,530.6987951807321,238.535469,233.823506,242.11489,245.7887,98.730747,98.916278,1.940148999999991,0.9637216035320576,15921,15920,15921,15.0
107.3,531.1938500269828,238.535469,233.823506,242.11489,245.7887,98.7309886146179,98.9147942225913,1.940148999999991,0.9637216035320576,15936,15935,15936,15.0
107.4,531.6889048732335,239.062272496688,234.376154768211,242.593509721854,246.181535278145,98.733093,98.901871,1.5313042674310111,0.9673559238003951,15951,15950,15951,15.0
107.5,532.1839597194842,239.265261,234.589101999999,242.777932,246.332903,98.7330938106312,98.9018921727574,1.7324979999999925,0.9687563040872844,15966,15965,15966,15.0
107.6,532.6790145657349,239.265261,234.589101999999,242.777932,246.332903,98.733337,98.908244,1.7324979999999925,0.9687563040872844,15980,15980,15981,14.0
107.7,533.1740694119856,239.405215764119,234.74486230897,242.907483511627,246.440743395348,98.733337,98.908244,1.5925432358810099,0.9697218262204631,15995,15995,15996,15.0
107.8,533.6691242582363,239.894013,235.288861,243.359947,246.81738,98.7376784019933,98.9052269867109,1.4238710629130082,0.9730939482975529,16010,16010,16011,15.0
107.9,534.164179104487,239.894013,235.288861,243.359946999999,246.81738,98.738159,98.904893,1.5451970000000017,0.9730939482975529,16025,16024,16025,15.0
108.0,534.6592339507376,239.894013,235.288861,243.359947,246.81738,98.7294862026578,98.9184690664451,1.5451970000000017,0.9730939482975529,16040,16039,16040,15.0
108.1,535.1542887969883,240.315241870431,235.750270674418,243.731536328903,247.141884225913,98.727327,98.921849,1.2158682093029825,0.9759999286698187,16055,16054,16055,15.0
108.2,535.649343643239,240.475618,235.925945,243.873013,247.265434,98.7222228139535,98.9278636511628,1.3703849999999989,0.9771063340409191,16069,16069,16070,14.0
108.3,536.1443984894897,240.475618,235.925945,243.873013,247.265434,98.720011,98.93047,1.3703849999999989,0.9771063340409191,16084,16084,16085,15.0
108.4,536.6394533357404,240.593576764119,236.060823564784,243.983230833887,247.351628631229,98.7308618305647,98.9117517940199,1.2524262358809892,0.977920109822517,16099,16099,16100,15.0
108.5,537.1345081819911,240.997759,236.522981,244.360889,247.646972,98.738156,98.899169,1.1150696710959949,0.9807084886035986,16114,16114,16115,15.0
108.6,537.6295630282418,240.997759,236.522981,244.360889,247.646972,98.7424235382059,98.9105147807308,1.2149770000000046,0.9807084886035986,16129,16128,16129,15.0
108.7,538.1246178744925,240.997759,236.522981,244.360889,247.646972,98.746777,98.922089,1.2149770000000046,0.9807084886035986,16144,16143,16144,15.0
108.8,538.6196727207432,241.317884062913,236.912175182119,244.658858804635,247.897362241721,98.7476147284768,98.9190623807947,0.9658015298019791,0.9829169724345946,16159,16158,16159,15.0
108.9,539.1147275669939,241.43921,237.059678,244.771788,247.992258999999,98.748903,98.914408,1.0840589999999963,0.9837539777221495,16173,16173,16174,14.0
109.0,539.6097824132446,241.43921,237.059678,244.771788,247.992258999999,98.7425096976744,98.9144673488372,1.0840589999999963,0.9837539777221495,16188,16188,16189,15.0
109.1,540.1048372594953,241.531110079734,237.17109136877,244.853711734219,248.055764900332,98.727035,98.914611,0.9921589202660073,0.9843879794410805,16203,16203,16204,15.0
109.2,540.599892105746,241.846003,237.552846,245.134420999999,248.273366,98.7289108870431,98.9137781561461,0.8606839568099929,0.9865603676838953,16218,16217,16218,15.0
109.3,541.0949469519967,241.846003,237.552846,245.134421,248.273366,98.736941,98.910213,0.9293609999990053,0.9865603676838953,16233,16232,16233,15.0
109.4,541.5900017982474,241.846003,237.552846,245.134420999999,248.273366,98.7364955448505,98.9108671893687,0.9293609999990053,0.9865603676838953,16248,16247,16248,15.0
109.5,542.0850566444981,242.112828671096,237.885116292358,245.355736870431,248.458934667774,98.731975,98.917506,0.7123288006640109,0.9884011488303259,16263,16262,16263,15.0
109.6,542.5801114907488,242.212736,238.009528,245.438604,248.528417,98.731975,98.917506,0.7798429999999996,0.9890903910860703,16277,16277,16278,14.0
109.7,543.0751663369995,242.212736,238.009528,245.438604,248.528417,98.7374995946843,98.9073053820598,0.7798429999999996,0.9890903910860703,16292,16292,16293,15.0
109.8,543.5702211832502,242.283685592715,238.09677987086,245.502366625827,248.574249221854,98.737574,98.907168,0.7088934072850179,0.9895798592548574,16307,16307,16308,15.0
109.9,544.0652760295009,242.523269,238.391413,245.717681,248.729016,98.7382960531561,98.9310862325581,0.6425991029900047,0.9912327010422174,16322,16321,16322,15.0
110.0,544.5603308757516,242.523269,238.391413,245.717681,248.729016,98.738388,98.934132,0.7064009999999996,0.9912327010422174,16337,16336,16337,15.0
110.1,545.0553857220023,242.523269,238.391413,245.717681,248.729016,98.7327467375415,98.9381032292358,0.7064009999999996,0.9912327010422174,16352,16351,16352,15.0
110.2,545.550440568253,242.70668695681,238.656712219269,245.881092106312,248.878040770764,98.731193,98.939197,0.5594187109640245,0.9924980677343569,16367,16366,16367,15.0
110.3,546.0454954145036,242.775363999999,238.756048,245.942278,248.93384,98.7312632582781,98.9292332847682,0.6132500000009884,0.9929718580026455,16381,16381,16382,14.0
110.4,546.5405502607543,242.775363999999,238.756048,245.942278,248.93384,98.731296,98.92459,0.6132500000009884,0.9929718580026455,16396,16396,16397,15.0
110.5,547.035605107005,242.82515747176,238.824154667774,245.989883644518,248.965001179402,98.7271942558139,98.9233411627906,0.5634565282399819,0.9933153739906556,16411,16411,16412,15.0
110.6,547.5306599532557,242.992579,239.053151,246.149949,249.069774999999,98.724241,98.922442,0.5007513455140042,0.994470384269183,16426,16425,16426,15.0
110.7,548.0257147995064,242.992579,239.053151,246.149949,249.069774999999,98.7403225946843,98.9207302657807,0.5393059999999821,0.994470384269183,16441,16440,16441,15.0
110.8,548.5207696457571,242.992579,239.053151,246.149949,249.069775,98.757856,98.918864,0.5393059999989873,0.994470384269183,16456,16455,16456,15.0
110.9,549.0158244920078,243.16586810299,239.271228009966,246.257801624584,249.150835863787,98.7519037607973,98.9155439867109,0.3905385249159963,0.9956658738649014,16470,16470,16471,14.0
111.0,549.5108793382585,243.22967,239.35152,246.297511,249.180681,98.74214,98.910098,0.40765799999999786,0.9961060313978706,16485,16485,16486,15.0
111.1,550.0059341845092,243.22967,239.35152,246.297511,249.180681,98.7399872392026,98.9085094186046,0.40765799999999786,0.9961060313978706,16500,16500,16501,15.0
111.2,550.5009890307599,243.266105667774,239.409370654485,246.332744784053,249.204686581395,98.734333,98.904337,0.3712223322259831,0.996357394357141,16515,16515,16516,15.0
111.3,550.9960438770106,243.388614,239.603883,246.451212,249.285400999999,98.7341245099337,98.9057060496688,0.3164170930230057,0.9972025567709222,16530,16529,16530,15.0
111.4,551.4910987232613,243.388614,239.603882999999,246.451212,249.285400999999,98.733145,98.912138,0.3409249999999986,0.9972025567709222,16545,16544,16545,15.0
111.5,551.986153569512,243.388614,239.603882999999,246.451212,249.285400999999,98.7324235315614,98.9130891893687,0.3409249999999986,0.9972025567709222,16560,16559,16560,15.0
111.6,552.4812084157627,243.493330345514,239.765464594684,246.534080372093,249.331299870431,98.723274,98.925152,0.24635237541599508,0.9979249755462729,16574,16574,16575,14.0
111.7,552.9762632620134,243.531885,239.824956,246.564590999999,249.348198999999,98.723274,98.925152,0.24127200000000926,0.9981909570044789,16589,16589,16590,15.0
111.8,553.4713181082641,243.531884999999,239.824956,246.564590999999,249.348198999999,98.7246002615894,98.9217204072847,0.24127200000000926,0.9981909570044722,16604,16604,16605,15.0
111.9,553.9663729545148,243.556406627906,239.873714372093,246.58800844186,249.362727139534,98.724641,98.921615,0.21675037209300285,0.9983601271976759,16619,16618,16619,15.0
112.0,554.4614278007655,243.637328,240.034617,246.665286,249.410669999999,98.7332991860465,98.9149779568106,0.156782149500998,0.998918388835254,16634,16633,16634,15.0
112.1,554.9564826470162,243.637328,240.034617,246.665286,249.410669999999,98.734588,98.91399,0.1643669999999986,0.998918388835254,16649,16648,16649,15.0
112.2,555.4515374932669,243.637328,240.034616999999,246.665286,249.410669999999,98.7298174039735,98.9242871125827,0.1643669999999986,0.998918388835254,16664,16663,16664,15.0
112.3,555.9465923395176,243.705031093023,240.14965667774,246.692517458471,249.42427141196,98.728378,98.927394,0.10313198338801044,0.9993854600007825,16678,16678,16679,14.0
112.4,556.4416471857683,243.729539,240.1913,246.702375,249.429195,98.7372593953488,98.9234487906976,0.09957700000001068,0.9995545355358177,16693,16693,16694,15.0
112.5,556.936702032019,243.729539,240.1913,246.702375,249.429195,98.741678,98.921486,0.09957700000001068,0.9995545355358177,16708,16708,16709,15.0
112.6,557.4317568782697,243.73968272093,240.226746046511,246.705872209302,249.43331988372,98.7416542790697,98.9203089900332,0.08943327906999343,0.999624515197692,16723,16722,16723,15.0
112.7,557.9268117245203,243.773157,240.343718,246.717413,249.446931999999,98.741636,98.919402,0.05292598013201655,0.999855448081883,16738,16737,16738,15.0
112.8,558.421866570771,243.773156999999,240.343718,246.717413,249.446932,98.7336876279069,98.9234280465116,0.05183300000101099,0.999855448081876,16753,16752,16753,15.0
112.9,558.9169214170217,243.773156999999,240.343718,246.717413,249.446932,98.724547,98.928058,0.05183300000101099,0.999855448081876,16768,16767,16768,15.0
113.0,559.4119762632724,243.794110149501,240.429059976744,246.738310348837,249.430856269103,98.7268863355481,98.9274376777408,0.025327933555018944,1.0,16782,16782,16783,14.0
113.1,559.9070311095231,243.801695,240.459952999999,246.745875,249.425037,98.731007,98.926345,-0.00024199999998586463,1.0000523264862022,16797,16797,16798,15.0
113.2,560.4020859557738,243.801695,240.459953,246.745874999999,249.425037,98.7334651556291,98.925595807947,-0.00024200000100904617,1.0000523264862022,16812,16812,16813,15.0
113.3,560.8971408020245,243.808163076411,240.484988401993,246.746501734219,249.417995970099,98.740404,98.923481,-0.006710076410996635,1.0000969485537197,16827,16826,16827,15.0
113.4,561.3921956482752,243.829116,240.566089,246.748532,249.395187,98.738507282392,98.9243215581395,-0.03667870764201098,1.0002414989133115,16842,16841,16842,15.0
113.5,561.8872504945259,243.829116,240.566089,246.748532,249.395187,98.72851,98.928752,-0.03988699999999312,1.0002414989133115,16857,16856,16857,15.0
113.6,562.3823053407766,243.829116,240.566089,246.748532,249.395187,98.7297113521594,98.928291475083,-0.03988699999999312,1.0002414989133115,16871,16871,16872,14.0
113.7,562.8773601870273,243.826082980132,240.614253443708,246.726348172185,249.372552556291,98.749781,98.920598,-0.05539779470200301,1.0002205746680288,16886,16886,16887,15.0
113.8,563.372415033278,243.82499,240.63161,246.718354,249.364396,98.749781,98.920598,-0.11354200000002379,1.0002130343994626,16901,16901,16902,15.0
113.9,563.8674698795287,243.82499,240.63161,246.718354,249.364396,98.733803219269,98.9233909302325,-0.11354200000002379,1.0002130343994626,16916,16916,16917,15.0
114.0,564.3625247257794,243.819438083056,240.646702335548,246.709257508305,249.34975230897,98.733082,98.923517,-0.10799008305602342,1.0001747327473198,16931,16930,16931,15.0
114.1,564.8575795720301,243.801453,240.695593,246.67979,249.302314999999,98.7321060830564,98.9200983023255,-0.1369775448510211,1.0000506569727872,16946,16945,16946,15.0
114.2,565.3526344182808,243.801452999999,240.695593,246.679789999999,249.302315,98.731939,98.919513,-0.1536929999989809,1.0000506569727803,16961,16960,16961,15.0
114.3,565.8476892645315,243.801453,240.695593,246.67979,249.302314999999,98.7336773222591,98.9271058106312,-0.15369300000000408,1.0000506569727872,16975,16975,16976,14.0
114.4,566.3427441107822,243.792437292358,240.727496833887,246.644997215946,249.250191465116,98.734244,98.929581,-0.1653211993349828,0.9999884592667679,16990,16990,16991,15.0
114.5,566.8377989570329,243.789229,240.73885,246.632616,249.231643,98.729932,98.9266006279069,-0.22777200000001585,0.9999663258488682,17005,17005,17006,15.0
114.6,567.3328538032836,243.789229,240.73885,246.632616,249.231643,98.727622,98.925004,-0.22777200000001585,0.9999663258488682,17020,17019,17020,15.0
114.7,567.8279086495343,243.77068518543,240.745656145695,246.616654649006,249.211884483443,98.7309903708609,98.9310662980132,-0.20922818543002109,0.9998383954885577,17035,17034,17035,15.0
114.8,568.322963495785,243.711448,240.767398,246.565667,249.148767,98.73375,98.936033,-0.20871112292400085,0.999429729059802,17050,17049,17050,15.0
114.9,568.8180183420357,243.711448,240.767398,246.565667,249.148767,98.7337778073089,98.925798116279,-0.22924999999997908,0.999429729059802,17065,17064,17065,15.0
115.0,569.3130731882864,243.711448,240.767398,246.565667,249.148767,98.733812,98.913213,-0.22924999999997908,0.999429729059802,17079,17079,17080,14.0
115.1,569.808128034537,243.664475455149,240.779044518272,246.504142760797,249.07779485382,98.7313533156146,98.9189433654485,-0.20645845182698963,0.9991056741268322,17094,17094,17095,15.0
115.2,570.3031828807877,243.64776,240.783189,246.482249,249.052539,98.726696,98.929798,-0.26665199999999345,0.9989903572813208,17109,17109,17110,15.0
115.3,570.7982377270384,243.64776,240.783189,246.482249,249.052539,98.7233387109634,98.9298572491694,-0.26665199999999345,0.9989903572813208,17124,17123,17124,15.0
115.4,571.2932925732891,243.627116093023,240.782780920265,246.456980827242,249.027820275747,98.71304,98.930039,-0.24600809302299353,0.9988479387704038,17139,17138,17139,15.0
115.5,571.7883474195398,243.561457,240.781483,246.376614,248.949200999999,98.7158167142857,98.9318808571428,-0.2565238737549862,0.9983949687843001,17154,17153,17154,15.0
115.6,572.2834022657905,243.561457,240.781483,246.376614,248.949200999999,98.732477,98.942932,-0.2831679999999892,0.9983949687843001,17169,17168,17169,15.0
115.7,572.7784571120412,243.561457,240.781483,246.376614,248.949201,98.7330531324503,98.9426813410596,-0.2831679999999892,0.9983949687843001,17183,17183,17184,14.0
115.8,573.2735119582919,243.502736877076,240.76323033887,246.303301083056,248.869464053156,98.745861,98.937109,-0.24322900664498093,0.9979898694745126,17198,17198,17199,15.0
115.9,573.7685668045426,243.482198,240.756846,246.277658,248.841574,98.745861,98.937109,-0.28134900000000584,0.9978481755455326,17213,17213,17214,15.0
116.0,574.2636216507933,243.482198,240.756846,246.277658,248.841574,98.7278166943521,98.9371249833887,-0.28134900000000584,0.9978481755455326,17228,17227,17228,15.0
116.1,574.758676497044,243.458017003322,240.749843581395,246.253456192691,248.81218723588,98.726669,98.937126,-0.2571680033219934,0.9976813553044218,17243,17242,17243,15.0
116.2,575.2537313432947,243.381108,240.727572,246.176480999999,248.718720999999,98.745498231788,98.9299356059602,-0.2783858837210005,0.9971507742597856,17258,17257,17258,15.0
116.3,575.7487861895454,243.381108,240.727571999999,246.176481,248.718720999999,98.749145,98.928543,-0.31211700000000064,0.9971507742597856,17272,17272,17273,14.0
116.4,576.2438410357961,243.381108,240.727571999999,246.176481,248.718720999999,98.7471108604651,98.9479049401993,-0.31211700000000064,0.9971507742597856,17287,17287,17288,15.0
116.5,576.7388958820468,243.304933126245,240.700007421926,246.088550099667,248.622367219269,98.746387,98.954795,-0.2626045880390109,0.99662525783978,17302,17302,17303,15.0
116.6,577.2339507282975,243.278289,240.690366,246.057794,248.588665,98.7477240066225,98.9519747615894,-0.31923499999999194,0.9964414449215797,17317,17317,17318,15.0
116.7,577.7290055745482,243.278289,240.690366,246.057794,248.588665,98.74849,98.950359,-0.31923499999999194,0.9964414449215797,17332,17331,17332,15.0
116.8,578.2240604207989,243.259507870431,240.682161624584,246.027991083056,248.557683897009,98.747734744186,98.9426112093023,-0.30045387043099936,0.9963118773688129,17347,17346,17347,15.0
116.9,578.7191152670496,243.200849,240.656537,245.934908,248.460921,98.747078,98.935874,-0.32936709302401823,0.9959072006286895,17362,17361,17362,15.0
117.0,579.2141701133003,243.200849,240.656537,245.934908,248.460921,98.738568398671,98.938660578073,-0.35947000000001594,0.9959072006286895,17376,17376,17377,14.0
117.1,579.709224959551,243.200849,240.656536999999,245.934908,248.460921,98.727375,98.942326,-0.35947000000001594,0.9959072006286895,17391,17391,17392,15.0
117.2,580.2042798058017,243.102722116279,240.622084906976,245.855414046511,248.362749465116,98.7357191860465,98.9448309833887,-0.2901871362130066,0.9952302413362436,17406,17406,17407,15.0
117.3,580.6993346520524,243.068991,240.610241999999,245.828088,248.329003,98.752491,98.949866,-0.3449370000000158,0.9949975365794659,17421,17420,17421,15.0
117.4,581.194389498303,243.068991,240.610241999999,245.828088,248.329003,98.7503772159468,98.9484085182724,-0.3449370000000158,0.9949975365794659,17436,17435,17436,15.0
117.5,581.6894443445537,243.042328538206,240.596734817275,245.798411923588,248.295240863787,98.74327,98.943508,-0.3182745382059977,0.9948135971676908,17451,17450,17451,15.0
117.6,582.1844991908044,242.959054,240.554548,245.705725,248.189792,98.7441061754966,98.9427081125827,-0.3413989238420072,0.9942391014706404,17466,17465,17466,15.0
117.7,582.6795540370551,242.959054,240.554548,245.705725,248.189792,98.749745,98.937314,-0.3778110000010031,0.9942391014706404,17480,17480,17481,14.0
117.8,583.1746088833058,242.959054,240.554548,245.705725,248.189792,98.7495424485049,98.937437295681,-0.3778110000010031,0.9942391014706404,17495,17495,17496,15.0
117.9,583.6696637295565,242.871481906976,240.511442511627,245.607642023255,248.085554604651,98.742124,98.941953,-0.32911939202597296,0.9936349577346573,17510,17510,17511,15.0
118.0,584.1647185758072,242.841379,240.496625,245.573926,248.049723,98.742124,98.941953,-0.4182850000009921,0.9934272833254203,17525,17524,17525,15.0
118.1,584.6597734220579,242.841379,240.496625,245.573926,248.049723,98.7346833841059,98.9364016390728,-0.4182850000009921,0.9934272833254203,17540,17539,17540,15.0
118.2,585.1548282683086,242.812534980066,240.473315491694,245.538063043189,248.010487019933,98.73407,98.935944,-0.38944098006700756,0.9932282937459556,17555,17554,17555,15.0
118.3,585.6498831145593,242.724054,240.401812,245.428051,247.890128,98.7393364983388,98.9233668571428,-0.40873200996699666,0.9926178797657184,17569,17569,17570,14.0
118.4,586.14493796081,242.724054,240.401812,245.428051,247.890128,98.740462,98.920679,-0.4451349999999934,0.9926178797657184,17584,17584,17585,15.0
118.5,586.6399928070607,242.724054,240.401812,245.428051,247.890128,98.735716116279,98.9203531395348,-0.4451349999999934,0.9926178797657184,17599,17599,17600,15.0
118.6,587.1350476533114,242.617655076158,240.345558274834,245.309633947019,247.779121046357,98.733879,98.920227,-0.37560627483401277,0.9918838531924717,17614,17614,17615,15.0
118.7,587.6301024995621,242.581242999999,240.326307,245.269109,247.741132,98.7444299003322,98.9338208438538,-0.45078800000001706,0.9916326529874067,17629,17628,17629,15.0
118.8,588.1251573458128,242.581242999999,240.326307,245.269109,247.741132,98.750862,98.942108,-0.45078800000001706,0.9916326529874067,17644,17643,17644,15.0
118.9,588.6202121920635,242.54236251495,240.304732435215,245.231336548172,247.703443382059,98.7419425315614,98.9414497940199,,0.9913644236841755,17659,17658,17659,15.0
119.0,589.1152670383142,242.423093999999,240.238551,245.115467,247.587831,98.733652,98.940838,,0.9905416121728889,17673,17673,17674,14.0
119.1,589.6103218845649,242.423093999999,240.238551,245.115467,247.587831,98.7405832516556,98.9440167880794,,0.9905416121728889,17688,17688,17689,15.0
119.2,590.1053767308156,242.423093999999,240.238551,245.115467,247.587831,98.750265,98.948457,,0.9905416121728889,17703,17703,17704,15.0
119.3,590.6004315770663,242.315321990033,240.168730734219,245.004363345514,247.460067627906,98.7509157973421,98.9471730797342,,0.9897981129314423,17718,17718,17719,15.0
119.4,591.095486423317,242.278919,240.145147,244.966835,247.416912,98.752327,98.944389,,0.9895469754098869,17733,17732,17733,15.0
119.5,591.5905412695677,242.278919,240.145147,244.966835,247.416912,98.7503145083056,98.9454178903654,,0.9895469754098869,17748,17747,17748,15.0
119.6,592.0855961158184,242.242048801324,240.12191463245,244.924083013245,247.376552562913,98.742862,98.949228,,0.989292614701979,17763,17762,17763,15.0
119.7,592.5806509620691,242.130454999999,240.051598,244.794687,247.254397999999,98.742573282392,98.9480164252491,,0.9885227496260521,17777,17777,17778,14.0
119.8,593.0757058083198,242.130454999999,240.051598,244.794687,247.254397999999,98.740306,98.938502,,0.9885227496260521,17792,17792,17793,15.0
